Date,TQQQ,QQQ,QQQ성장추세,Signal,매매평가,주식잔고,평가금,매매금,Limit,NEW평가금,NEW매매금,NEW매수량,NEW수량,CASH,Total,현금비중,MDD,Note
2010-02-12,0.22,43.76,43.76,Initial,0.0,0.0,0.0,0.0,0.0,0.0,0.0,0.0,0.0,20000.0,20000.0,100.0,0.0,"초기 투자금 $20,000.00 설정"
2010-02-19,0.23,44.83,44.83,Normal (중립),-0.0,0.0,0.0,0.0,0.0,0.0,0.0,0.0,0.0,20000.0,20000.0,100.0,0.0,Hold
2010-02-26,0.23,44.76,44.95,Normal (중립),-0.43,0.0,0.0,0.0,0.0,0.0,0.0,0.0,0.0,20000.0,20000.0,100.0,0.0,Hold
2010-03-05,0.26,46.44,46.14,Normal (중립),0.64,0.0,0.0,0.0,0.0,0.0,0.0,0.0,0.0,20000.0,20000.0,100.0,0.0,Hold
2010-03-12,0.27,47.36,47.2,Normal (중립),0.33,0.0,0.0,0.0,0.0,0.0,0.0,0.0,0.0,20000.0,20000.0,100.0,0.0,Hold
2010-03-19,0.28,47.49,47.79,Normal (중립),-0.63,0.0,0.0,0.0,0.0,0.0,0.0,0.0,0.0,20000.0,20000.0,100.0,0.0,Hold
2010-03-26,0.29,48.0,48.34,Normal (중립),-0.7,0.0,0.0,0.0,0.0,0.0,0.0,0.0,0.0,20000.0,20000.0,100.0,0.0,Hold
2010-04-02,0.29,48.16,48.72,Normal (중립),-1.14,0.0,0.0,0.0,0.0,0.0,0.0,0.0,0.0,20000.0,20000.0,100.0,0.0,Hold
2010-04-09,0.3,49.03,49.27,Normal (중립),-0.5,0.0,0.0,0.0,0.0,0.0,0.0,0.0,0.0,20000.0,20000.0,100.0,0.0,Hold
2010-04-16,0.31,49.53,49.81,Normal (중립),-0.57,0.0,0.0,0.0,0.0,0.0,0.0,0.0,0.0,20000.0,20000.0,100.0,0.0,Hold
2010-04-23,0.33,50.52,50.5,Normal (중립),0.05,0.0,0.0,0.0,0.0,0.0,0.0,0.0,0.0,20000.0,20000.0,100.0,0.0,Hold
2010-04-30,0.31,49.24,50.6,Normal (중립),-2.69,0.0,0.0,0.0,0.0,0.0,0.0,0.0,0.0,20000.0,20000.0,100.0,0.0,Hold
2010-05-07,0.24,45.41,49.54,Under (저평가),-8.34,0.0,0.0,0.0,0.0,0.0,0.0,0.0,0.0,20000.0,20000.0,100.0,0.0,Hold
2010-05-14,0.26,46.93,49.15,Normal (중립),-4.51,0.0,0.0,0.0,0.0,0.0,0.0,0.0,0.0,20000.0,20000.0,100.0,0.0,Hold
2010-05-21,0.22,44.84,48.3,Under (저평가),-7.16,0.0,0.0,0.0,0.0,0.0,0.0,0.0,0.0,20000.0,20000.0,100.0,0.0,Hold
2010-05-28,0.24,45.6,47.81,Normal (중립),-4.62,0.0,0.0,0.0,0.0,0.0,0.0,0.0,0.0,20000.0,20000.0,100.0,0.0,Hold
2010-06-04,0.23,45.09,47.3,Normal (중립),-4.67,0.0,0.0,0.0,0.0,0.0,0.0,0.0,0.0,20000.0,20000.0,100.0,0.0,Hold
2010-06-11,0.23,45.5,46.97,Normal (중립),-3.13,0.0,0.0,0.0,0.0,0.0,0.0,0.0,0.0,20000.0,20000.0,100.0,0.0,Hold
2010-06-18,0.26,47.0,46.99,Normal (중립),0.01,0.0,0.0,0.0,0.0,0.0,0.0,0.0,0.0,20000.0,20000.0,100.0,0.0,Hold
2010-06-25,0.23,45.27,46.69,Normal (중립),-3.04,0.0,0.0,0.0,0.0,0.0,0.0,0.0,0.0,20000.0,20000.0,100.0,0.0,Hold
2010-07-02,0.19,42.47,45.91,Under (저평가),-7.49,0.0,0.0,0.0,0.0,0.0,0.0,0.0,0.0,20000.0,20000.0,100.0,0.0,Hold
2010-07-09,0.22,44.62,45.64,Normal (중립),-2.23,0.0,0.0,0.0,0.0,0.0,0.0,0.0,0.0,20000.0,20000.0,100.0,0.0,Hold
2010-07-16,0.21,44.34,45.36,Normal (중립),-2.26,0.0,0.0,0.0,0.0,0.0,0.0,0.0,0.0,20000.0,20000.0,100.0,0.0,Hold
2010-07-23,0.24,46.06,45.4,Normal (중립),1.45,0.0,0.0,0.0,0.0,0.0,0.0,0.0,0.0,20000.0,20000.0,100.0,0.0,Hold
2010-07-30,0.23,45.81,45.4,Normal (중립),0.91,0.0,0.0,0.0,0.0,0.0,0.0,0.0,0.0,20000.0,20000.0,100.0,0.0,Hold
2010-08-06,0.25,46.76,45.53,Normal (중립),2.7,0.0,0.0,0.0,0.0,0.0,0.0,0.0,0.0,20000.0,20000.0,100.0,0.0,Hold
2010-08-13,0.22,44.72,45.36,Normal (중립),-1.42,0.0,0.0,0.0,0.0,0.0,0.0,0.0,0.0,20000.0,20000.0,100.0,0.0,Hold
2010-08-20,0.22,44.92,45.24,Normal (중립),-0.72,0.0,0.0,0.0,0.0,0.0,0.0,0.0,0.0,20000.0,20000.0,100.0,0.0,Hold
2010-08-27,0.21,44.07,45.03,Normal (중립),-2.13,0.0,0.0,0.0,0.0,0.0,0.0,0.0,0.0,20000.0,20000.0,100.0,0.0,Hold
2010-09-03,0.23,46.01,45.08,Normal (중립),2.05,0.0,0.0,0.0,0.0,0.0,0.0,0.0,0.0,20000.0,20000.0,100.0,0.0,Hold
2010-09-10,0.24,46.6,45.21,Normal (중립),3.08,0.0,0.0,0.0,0.0,0.0,0.0,0.0,0.0,20000.0,20000.0,100.0,0.0,Hold
2010-09-17,0.27,47.99,45.48,Over (고평가),5.53,0.0,0.0,0.0,0.0,0.0,0.0,0.0,0.0,20000.0,20000.0,100.0,0.0,Hold
2010-09-24,0.29,49.66,45.9,Over (고평가),8.19,0.0,0.0,0.0,0.0,0.0,0.0,0.0,0.0,20000.0,20000.0,100.0,0.0,Hold
2010-10-01,0.28,49.01,46.22,Over (고평가),6.04,0.0,0.0,0.0,0.0,0.0,0.0,0.0,0.0,20000.0,20000.0,100.0,0.0,Hold
2010-10-08,0.3,49.75,46.59,Over (고평가),6.79,0.0,0.0,0.0,0.0,0.0,0.0,0.0,0.0,20000.0,20000.0,100.0,0.0,Hold
2010-10-15,0.33,51.49,47.09,Over (고평가),9.34,0.0,0.0,0.0,0.0,0.0,0.0,0.0,0.0,20000.0,20000.0,100.0,0.0,Hold
2010-10-22,0.33,51.64,47.57,Over (고평가),8.55,0.0,0.0,0.0,0.0,0.0,0.0,0.0,0.0,20000.0,20000.0,100.0,0.0,Hold
2010-10-29,0.34,52.18,48.06,Over (고평가),8.57,0.0,0.0,0.0,0.0,0.0,0.0,0.0,0.0,20000.0,20000.0,100.0,0.0,Hold
2010-11-05,0.37,53.67,48.65,Over (고평가),10.32,0.0,0.0,0.0,0.0,0.0,0.0,0.0,0.0,20000.0,20000.0,100.0,0.0,Hold
2010-11-12,0.35,52.51,49.09,Over (고평가),6.97,0.0,0.0,0.0,0.0,0.0,0.0,0.0,0.0,20000.0,20000.0,100.0,0.0,Hold
2010-11-19,0.34,52.47,49.49,Over (고평가),6.03,0.0,0.0,0.0,0.0,0.0,0.0,0.0,0.0,20000.0,20000.0,100.0,0.0,Hold
2010-11-26,0.35,52.77,49.88,Over (고평가),5.78,0.0,0.0,0.0,0.0,0.0,0.0,0.0,0.0,20000.0,20000.0,100.0,0.0,Hold
2010-12-03,0.37,53.87,50.34,Over (고평가),7.0,0.0,0.0,0.0,0.0,0.0,0.0,0.0,0.0,20000.0,20000.0,100.0,0.0,Hold
2010-12-10,0.38,54.49,50.82,Over (고평가),7.22,0.0,0.0,0.0,0.0,0.0,0.0,0.0,0.0,20000.0,20000.0,100.0,0.0,Hold
2010-12-17,0.39,54.52,51.27,Over (고평가),6.34,0.0,0.0,0.0,0.0,0.0,0.0,0.0,0.0,20000.0,20000.0,100.0,0.0,Hold
2010-12-24,0.39,54.74,51.7,Over (고평가),5.88,0.0,0.0,0.0,0.0,0.0,0.0,0.0,0.0,20000.0,20000.0,100.0,0.0,Hold
2010-12-31,0.39,54.46,52.08,Normal (중립),4.57,0.0,0.0,0.0,0.0,0.0,0.0,0.0,0.0,20000.0,20000.0,100.0,0.0,Hold
2011-01-07,0.41,55.87,52.55,Over (고평가),6.33,0.0,0.0,0.0,0.0,0.0,0.0,0.0,0.0,20000.0,20000.0,100.0,0.0,Hold
2011-01-14,0.44,57.0,53.06,Over (고평가),7.42,0.0,0.0,0.0,0.0,0.0,0.0,0.0,0.0,20000.0,20000.0,100.0,0.0,Hold
2011-01-21,0.41,55.68,53.45,Normal (중립),4.18,0.0,0.0,0.0,0.0,0.0,0.0,0.0,0.0,20000.0,20000.0,100.0,0.0,Hold
2011-01-28,0.41,55.73,53.81,Normal (중립),3.56,0.0,0.0,0.0,0.0,0.0,0.0,0.0,0.0,20000.0,20000.0,100.0,0.0,Hold
2011-02-04,0.45,57.38,54.27,Over (고평가),5.72,0.0,0.0,0.0,0.0,0.0,0.0,0.0,0.0,20000.0,20000.0,100.0,0.0,Hold
2011-02-11,0.47,58.44,54.78,Over (고평가),6.68,0.0,0.0,0.0,0.0,0.0,0.0,0.0,0.0,20000.0,20000.0,100.0,0.0,Hold
2011-02-18,0.48,58.73,55.27,Over (고평가),6.25,0.0,0.0,0.0,0.0,0.0,0.0,0.0,0.0,20000.0,20000.0,100.0,0.0,Hold
2011-02-25,0.45,57.65,55.67,Normal (중립),3.56,0.0,0.0,0.0,0.0,0.0,0.0,0.0,0.0,20000.0,20000.0,100.0,0.0,Hold
2011-03-04,0.46,57.97,56.06,Normal (중립),3.41,0.0,0.0,0.0,0.0,0.0,0.0,0.0,0.0,20000.0,20000.0,100.0,0.0,Hold
2011-03-11,0.42,56.49,56.33,Normal (중립),0.29,0.0,0.0,0.0,0.0,0.0,0.0,0.0,0.0,20000.0,20000.0,100.0,0.0,Hold
2011-03-18,0.38,54.45,56.44,Normal (중립),-3.52,0.0,0.0,0.0,0.0,0.0,0.0,0.0,0.0,20000.0,20000.0,100.0,0.0,Hold
2011-03-25,0.43,56.84,56.7,Normal (중립),0.24,0.0,0.0,0.0,0.0,0.0,0.0,0.0,0.0,20000.0,20000.0,100.0,0.0,Hold
2011-04-01,0.44,57.46,56.99,Normal (중립),0.82,0.0,0.0,0.0,0.0,0.0,0.0,0.0,0.0,20000.0,20000.0,100.0,0.0,Hold
2011-04-08,0.43,56.95,57.23,Normal (중립),-0.49,0.0,0.0,0.0,0.0,0.0,0.0,0.0,0.0,20000.0,20000.0,100.0,0.0,Hold
2011-04-15,0.42,56.65,57.43,Normal (중립),-1.37,0.0,0.0,0.0,0.0,0.0,0.0,0.0,0.0,20000.0,20000.0,100.0,0.0,Hold
2011-04-22,0.46,58.34,57.73,Normal (중립),1.05,0.0,0.0,0.0,0.0,0.0,0.0,0.0,0.0,20000.0,20000.0,100.0,0.0,Hold
2011-04-29,0.48,59.08,58.06,Normal (중립),1.76,0.0,0.0,0.0,0.0,0.0,0.0,0.0,0.0,20000.0,20000.0,100.0,0.0,Hold
2011-05-06,0.47,58.47,58.33,Normal (중립),0.24,0.0,0.0,0.0,0.0,0.0,0.0,0.0,0.0,20000.0,20000.0,100.0,0.0,Hold
2011-05-13,0.46,58.41,58.59,Normal (중립),-0.3,0.0,0.0,0.0,0.0,0.0,0.0,0.0,0.0,20000.0,20000.0,100.0,0.0,Hold
2011-05-20,0.45,57.77,58.79,Normal (중립),-1.73,0.0,0.0,0.0,0.0,0.0,0.0,0.0,0.0,20000.0,20000.0,100.0,0.0,Hold
2011-05-27,0.44,57.43,58.96,Normal (중립),-2.59,0.0,0.0,0.0,0.0,0.0,0.0,0.0,0.0,20000.0,20000.0,100.0,0.0,Hold
2011-06-03,0.41,56.35,59.06,Normal (중립),-4.58,0.0,0.0,0.0,0.0,0.0,0.0,0.0,0.0,20000.0,20000.0,100.0,0.0,Hold
2011-06-10,0.38,54.64,59.04,Under (저평가),-7.46,0.0,0.0,0.0,0.0,0.0,0.0,0.0,0.0,20000.0,20000.0,100.0,0.0,Hold
2011-06-17,0.36,53.79,58.98,Under (저평가),-8.8,0.0,0.0,0.0,0.0,0.0,0.0,0.0,0.0,20000.0,20000.0,100.0,0.0,Hold
2011-06-24,0.37,54.38,58.95,Under (저평가),-7.76,0.0,0.0,0.0,0.0,0.0,0.0,0.0,0.0,20000.0,20000.0,100.0,0.0,Hold
2011-07-01,0.45,57.91,59.13,Normal (중립),-2.06,0.0,0.0,0.0,0.0,0.0,0.0,0.0,0.0,20000.0,20000.0,100.0,0.0,Hold
2011-07-08,0.47,59.03,59.35,Normal (중립),-0.54,0.0,0.0,0.0,0.0,0.0,0.0,0.0,0.0,20000.0,20000.0,100.0,0.0,Hold
2011-07-15,0.45,57.85,59.5,Normal (중립),-2.77,0.0,0.0,0.0,0.0,0.0,0.0,0.0,0.0,20000.0,20000.0,100.0,0.0,Hold
2011-07-22,0.49,59.6,59.73,Normal (중립),-0.22,0.0,0.0,0.0,0.0,0.0,0.0,0.0,0.0,20000.0,20000.0,100.0,0.0,Hold
2011-07-29,0.45,58.0,59.87,Normal (중립),-3.13,0.0,0.0,0.0,0.0,0.0,0.0,0.0,0.0,20000.0,20000.0,100.0,0.0,Hold
2011-08-05,0.35,53.83,59.78,Under (저평가),-9.95,0.0,0.0,0.0,0.0,0.0,0.0,0.0,0.0,20000.0,20000.0,100.0,0.0,Hold
2011-08-12,0.34,53.57,59.67,Under (저평가),-10.23,0.0,0.0,0.0,0.0,0.0,0.0,0.0,0.0,20000.0,20000.0,100.0,0.0,Hold
2011-08-19,0.27,50.03,59.37,Under (저평가),-15.74,0.0,0.0,0.0,0.0,0.0,0.0,0.0,0.0,20000.0,20000.0,100.0,0.0,Hold
2011-08-26,0.32,53.13,59.26,Under (저평가),-10.34,0.0,0.0,0.0,0.0,0.0,0.0,0.0,0.0,20000.0,20000.0,100.0,0.0,Hold
2011-09-02,0.33,53.28,59.15,Under (저평가),-9.93,0.0,0.0,0.0,0.0,0.0,0.0,0.0,0.0,20000.0,20000.0,100.0,0.0,Hold
2011-09-09,0.32,53.18,59.05,Under (저평가),-9.94,0.0,0.0,0.0,0.0,0.0,0.0,0.0,0.0,20000.0,20000.0,100.0,0.0,Hold
2011-09-16,0.39,56.59,59.12,Normal (중립),-4.28,0.0,0.0,0.0,0.0,0.0,0.0,0.0,0.0,20000.0,20000.0,100.0,0.0,Hold
2011-09-23,0.34,54.15,59.06,Under (저평가),-8.32,0.0,0.0,0.0,0.0,0.0,0.0,0.0,0.0,20000.0,20000.0,100.0,0.0,Hold
2011-09-30,0.31,52.49,58.93,Under (저평가),-10.92,0.0,0.0,0.0,0.0,0.0,0.0,0.0,0.0,20000.0,20000.0,100.0,0.0,Hold
2011-10-07,0.33,54.07,58.87,Under (저평가),-8.16,0.0,0.0,0.0,0.0,0.0,0.0,0.0,0.0,20000.0,20000.0,100.0,0.0,Hold
2011-10-14,0.41,58.18,59.01,Normal (중립),-1.41,0.0,0.0,0.0,0.0,0.0,0.0,0.0,0.0,20000.0,20000.0,100.0,0.0,Hold
2011-10-21,0.39,57.3,59.11,Normal (중립),-3.06,0.0,0.0,0.0,0.0,0.0,0.0,0.0,0.0,20000.0,20000.0,100.0,0.0,Hold
2011-10-28,0.43,58.94,59.27,Normal (중립),-0.55,0.0,0.0,0.0,0.0,0.0,0.0,0.0,0.0,20000.0,20000.0,100.0,0.0,Hold
2011-11-04,0.4,57.8,59.37,Normal (중립),-2.65,0.0,0.0,0.0,0.0,0.0,0.0,0.0,0.0,20000.0,20000.0,100.0,0.0,Hold
2011-11-11,0.4,57.85,59.48,Normal (중립),-2.74,0.0,0.0,0.0,0.0,0.0,0.0,0.0,0.0,20000.0,20000.0,100.0,0.0,Hold
2011-11-18,0.35,55.4,59.47,Under (저평가),-6.84,0.0,0.0,0.0,0.0,0.0,0.0,0.0,0.0,20000.0,20000.0,100.0,0.0,Hold
2011-11-25,0.3,52.88,59.34,Under (저평가),-10.89,0.0,0.0,0.0,0.0,0.0,0.0,0.0,0.0,20000.0,20000.0,100.0,0.0,Hold
2011-12-02,0.37,56.62,59.39,Normal (중립),-4.66,0.0,0.0,0.0,0.0,0.0,0.0,0.0,0.0,20000.0,20000.0,100.0,0.0,Hold
2011-12-09,0.38,57.02,59.45,Normal (중립),-4.08,0.0,0.0,0.0,0.0,0.0,0.0,0.0,0.0,20000.0,20000.0,100.0,0.0,Hold
2011-12-16,0.34,54.86,59.41,Under (저평가),-7.66,0.0,0.0,0.0,0.0,0.0,0.0,0.0,0.0,20000.0,20000.0,100.0,0.0,Hold
2011-12-23,0.36,56.08,59.43,Normal (중립),-5.63,0.0,0.0,0.0,0.0,0.0,0.0,0.0,0.0,20000.0,20000.0,100.0,0.0,Hold
2011-12-30,0.35,55.83,59.43,Under (저평가),-6.06,0.0,0.0,0.0,0.0,0.0,0.0,0.0,0.0,20000.0,20000.0,100.0,0.0,Hold
2012-01-06,0.39,57.81,59.52,Normal (중립),-2.87,0.0,0.0,0.0,0.0,0.0,0.0,0.0,0.0,20000.0,20000.0,100.0,0.0,Hold
2012-01-13,0.4,58.18,59.62,Normal (중립),-2.41,0.0,0.0,0.0,0.0,0.0,0.0,0.0,0.0,20000.0,20000.0,100.0,0.0,Hold
2012-01-20,0.43,59.77,59.77,Normal (중립),-0.0,0.0,0.0,0.0,0.0,0.0,0.0,0.0,0.0,20000.0,20000.0,100.0,0.0,Hold
2012-01-27,0.45,60.4,59.95,Normal (중립),0.76,0.0,0.0,0.0,0.0,0.0,0.0,0.0,0.0,20000.0,20000.0,100.0,0.0,Hold
2012-02-03,0.48,62.05,60.17,Normal (중립),3.12,0.0,0.0,0.0,0.0,0.0,0.0,0.0,0.0,20000.0,20000.0,100.0,0.0,Hold
2012-02-10,0.49,62.47,60.41,Normal (중립),3.41,0.0,0.0,0.0,0.0,0.0,0.0,0.0,0.0,20000.0,20000.0,100.0,0.0,Hold
2012-02-17,0.52,63.43,60.68,Normal (중립),4.54,0.0,0.0,0.0,0.0,0.0,0.0,0.0,0.0,20000.0,20000.0,100.0,0.0,Hold
2012-02-24,0.53,63.96,60.95,Normal (중립),4.94,0.0,0.0,0.0,0.0,0.0,0.0,0.0,0.0,20000.0,20000.0,100.0,0.0,Hold
2012-03-02,0.55,64.87,61.25,Over (고평가),5.91,0.0,0.0,0.0,0.0,0.0,0.0,0.0,0.0,20000.0,20000.0,100.0,0.0,Hold
2012-03-09,0.55,65.02,61.54,Over (고평가),5.65,0.0,0.0,0.0,0.0,0.0,0.0,0.0,0.0,20000.0,20000.0,100.0,0.0,Hold
2012-03-16,0.6,66.52,61.88,Over (고평가),7.5,0.0,0.0,0.0,0.0,0.0,0.0,0.0,0.0,20000.0,20000.0,100.0,0.0,Hold
2012-03-23,0.61,66.94,62.22,Over (고평가),7.59,0.0,0.0,0.0,0.0,0.0,0.0,0.0,0.0,20000.0,20000.0,100.0,0.0,Hold
2012-03-30,0.62,67.55,62.57,Over (고평가),7.96,0.0,0.0,0.0,0.0,0.0,0.0,0.0,0.0,20000.0,20000.0,100.0,0.0,Hold
2012-04-06,0.63,67.72,62.92,Over (고평가),7.63,0.0,0.0,0.0,0.0,0.0,0.0,0.0,0.0,20000.0,20000.0,100.0,0.0,Hold
2012-04-13,0.58,66.19,63.2,Normal (중립),4.72,0.0,0.0,0.0,0.0,0.0,0.0,0.0,0.0,20000.0,20000.0,100.0,0.0,Hold
2012-04-20,0.57,65.68,63.47,Normal (중립),3.49,0.0,0.0,0.0,0.0,0.0,0.0,0.0,0.0,20000.0,20000.0,100.0,0.0,Hold
2012-04-27,0.61,67.24,63.77,Over (고평가),5.44,0.0,0.0,0.0,0.0,0.0,0.0,0.0,0.0,20000.0,20000.0,100.0,0.0,Hold
2012-05-04,0.54,64.7,63.99,Normal (중립),1.11,0.0,0.0,0.0,0.0,0.0,0.0,0.0,0.0,20000.0,20000.0,100.0,0.0,Hold
2012-05-11,0.53,64.18,64.18,Normal (중립),0.0,0.0,0.0,0.0,0.0,0.0,0.0,0.0,0.0,20000.0,20000.0,100.0,0.0,Hold
2012-05-18,0.45,60.81,64.25,Normal (중립),-5.35,0.0,0.0,0.0,0.0,0.0,0.0,0.0,0.0,20000.0,20000.0,100.0,0.0,Hold
2012-05-25,0.48,62.07,64.36,Normal (중립),-3.55,0.0,0.0,0.0,0.0,0.0,0.0,0.0,0.0,20000.0,20000.0,100.0,0.0,Hold
2012-06-01,0.44,60.41,64.41,Under (저평가),-6.2,0.0,0.0,0.0,0.0,0.0,0.0,0.0,0.0,20000.0,20000.0,100.0,0.0,Hold
2012-06-08,0.49,62.87,64.54,Normal (중립),-2.58,0.0,0.0,0.0,0.0,0.0,0.0,0.0,0.0,20000.0,20000.0,100.0,0.0,Hold
2012-06-15,0.5,62.99,64.67,Normal (중립),-2.59,0.0,0.0,0.0,0.0,0.0,0.0,0.0,0.0,20000.0,20000.0,100.0,0.0,Hold
2012-06-22,0.5,63.35,64.81,Normal (중립),-2.25,0.0,0.0,0.0,0.0,0.0,0.0,0.0,0.0,20000.0,20000.0,100.0,0.0,Hold
2012-06-29,0.52,64.16,64.97,Normal (중립),-1.24,0.0,0.0,0.0,0.0,0.0,0.0,0.0,0.0,20000.0,20000.0,100.0,0.0,Hold
2012-07-06,0.52,64.12,65.12,Normal (중립),-1.53,0.0,0.0,0.0,0.0,0.0,0.0,0.0,0.0,20000.0,20000.0,100.0,0.0,Hold
2012-07-13,0.5,63.38,65.25,Normal (중립),-2.86,0.0,0.0,0.0,0.0,0.0,0.0,0.0,0.0,20000.0,20000.0,100.0,0.0,Hold
2012-07-20,0.52,64.24,65.39,Normal (중립),-1.77,0.0,0.0,0.0,0.0,0.0,0.0,0.0,0.0,20000.0,20000.0,100.0,0.0,Hold
2012-07-27,0.54,64.87,65.56,Normal (중립),-1.05,0.0,0.0,0.0,0.0,0.0,0.0,0.0,0.0,20000.0,20000.0,100.0,0.0,Hold
2012-08-03,0.55,65.6,65.74,Normal (중립),-0.21,0.0,0.0,0.0,0.0,0.0,0.0,0.0,0.0,20000.0,20000.0,100.0,0.0,Hold
2012-08-10,0.58,66.86,65.96,Normal (중립),1.37,0.0,0.0,0.0,0.0,0.0,0.0,0.0,0.0,20000.0,20000.0,100.0,0.0,Hold
2012-08-17,0.62,68.32,66.21,Normal (중립),3.19,0.0,0.0,0.0,0.0,0.0,0.0,0.0,0.0,20000.0,20000.0,100.0,0.0,Hold
2012-08-24,0.62,68.29,66.45,Normal (중립),2.77,0.0,0.0,0.0,0.0,0.0,0.0,0.0,0.0,20000.0,20000.0,100.0,0.0,Hold
2012-08-31,0.62,68.16,66.69,Normal (중립),2.21,0.0,0.0,0.0,0.0,0.0,0.0,0.0,0.0,20000.0,20000.0,100.0,0.0,Hold
2012-09-07,0.65,69.43,66.95,Normal (중립),3.7,0.0,0.0,0.0,0.0,0.0,0.0,0.0,0.0,20000.0,20000.0,100.0,0.0,Hold
2012-09-14,0.67,70.18,67.23,Normal (중립),4.38,0.0,0.0,0.0,0.0,0.0,0.0,0.0,0.0,20000.0,20000.0,100.0,0.0,Hold
2012-09-21,0.68,70.15,67.5,Normal (중립),3.92,0.0,0.0,0.0,0.0,0.0,0.0,0.0,0.0,20000.0,20000.0,100.0,0.0,Hold
2012-09-28,0.63,68.57,67.73,Normal (중립),1.25,0.0,0.0,0.0,0.0,0.0,0.0,0.0,0.0,20000.0,20000.0,100.0,0.0,Hold
2012-10-05,0.64,68.98,67.95,Normal (중립),1.51,0.0,0.0,0.0,0.0,0.0,0.0,0.0,0.0,20000.0,20000.0,100.0,0.0,Hold
2012-10-12,0.58,66.68,68.11,Normal (중립),-2.1,0.0,0.0,0.0,0.0,0.0,0.0,0.0,0.0,20000.0,20000.0,100.0,0.0,Hold
2012-10-19,0.55,65.68,68.23,Normal (중립),-3.74,0.0,0.0,0.0,0.0,0.0,0.0,0.0,0.0,20000.0,20000.0,100.0,0.0,Hold
2012-10-26,0.54,65.35,68.34,Normal (중립),-4.38,0.0,0.0,0.0,0.0,0.0,0.0,0.0,0.0,20000.0,20000.0,100.0,0.0,Hold
2012-11-02,0.54,65.17,68.45,Normal (중립),-4.79,0.0,0.0,0.0,0.0,0.0,0.0,0.0,0.0,20000.0,20000.0,100.0,0.0,Hold
2012-11-09,0.49,63.43,68.49,Under (저평가),-7.39,0.0,0.0,0.0,0.0,0.0,0.0,0.0,0.0,20000.0,20000.0,100.0,0.0,Hold
2012-11-16,0.47,62.3,68.51,Under (저평가),-9.06,0.0,0.0,0.0,0.0,0.0,0.0,0.0,0.0,20000.0,20000.0,100.0,0.0,Hold
2012-11-23,0.53,64.9,68.59,Normal (중립),-5.39,0.0,0.0,0.0,0.0,0.0,0.0,0.0,0.0,20000.0,20000.0,100.0,0.0,Hold
2012-11-30,0.55,65.8,68.71,Normal (중립),-4.23,0.0,0.0,0.0,0.0,0.0,0.0,0.0,0.0,20000.0,20000.0,100.0,0.0,Hold
2012-12-07,0.53,64.93,68.79,Normal (중립),-5.61,0.0,0.0,0.0,0.0,0.0,0.0,0.0,0.0,20000.0,20000.0,100.0,0.0,Hold
2012-12-14,0.52,64.69,68.86,Under (저평가),-6.06,0.0,0.0,0.0,0.0,0.0,0.0,0.0,0.0,20000.0,20000.0,100.0,0.0,Hold
2012-12-21,0.54,65.2,68.95,Normal (중립),-5.44,0.0,0.0,0.0,0.0,0.0,0.0,0.0,0.0,20000.0,20000.0,100.0,0.0,Hold
2012-12-28,0.51,63.78,68.99,Under (저평가),-7.55,0.0,0.0,0.0,0.0,0.0,0.0,0.0,0.0,20000.0,20000.0,100.0,0.0,Hold
2013-01-04,0.58,66.63,69.11,Normal (중립),-3.59,0.0,0.0,0.0,0.0,0.0,0.0,0.0,0.0,20000.0,20000.0,100.0,0.0,Hold
2013-01-11,0.59,67.26,69.25,Normal (중립),-2.87,0.0,0.0,0.0,0.0,0.0,0.0,0.0,0.0,20000.0,20000.0,100.0,0.0,Hold
2013-01-18,0.59,67.07,69.37,Normal (중립),-3.32,0.0,0.0,0.0,0.0,0.0,0.0,0.0,0.0,20000.0,20000.0,100.0,0.0,Hold
2013-01-25,0.58,67.0,69.49,Normal (중립),-3.59,0.0,0.0,0.0,0.0,0.0,0.0,0.0,0.0,20000.0,20000.0,100.0,0.0,Hold
2013-02-01,0.6,67.66,69.63,Normal (중립),-2.83,0.0,0.0,0.0,0.0,0.0,0.0,0.0,0.0,20000.0,20000.0,100.0,0.0,Hold
2013-02-08,0.61,67.99,69.77,Normal (중립),-2.55,0.0,0.0,0.0,0.0,0.0,0.0,0.0,0.0,20000.0,20000.0,100.0,0.0,Hold
2013-02-15,0.6,67.75,69.9,Normal (중립),-3.07,0.0,0.0,0.0,0.0,0.0,0.0,0.0,0.0,20000.0,20000.0,100.0,0.0,Hold
2013-02-22,0.58,67.14,70.01,Normal (중립),-4.1,0.0,0.0,0.0,0.0,0.0,0.0,0.0,0.0,20000.0,20000.0,100.0,0.0,Hold
2013-03-01,0.59,67.38,70.13,Normal (중립),-3.92,0.0,0.0,0.0,0.0,0.0,0.0,0.0,0.0,20000.0,20000.0,100.0,0.0,Hold
2013-03-08,0.63,68.77,70.27,Normal (중립),-2.14,0.0,0.0,0.0,0.0,0.0,0.0,0.0,0.0,20000.0,20000.0,100.0,0.0,Hold
2013-03-15,0.62,68.51,70.41,Normal (중립),-2.7,0.0,0.0,0.0,0.0,0.0,0.0,0.0,0.0,20000.0,20000.0,100.0,0.0,Hold
2013-03-22,0.62,68.59,70.55,Normal (중립),-2.78,0.0,0.0,0.0,0.0,0.0,0.0,0.0,0.0,20000.0,20000.0,100.0,0.0,Hold
2013-03-29,0.63,68.97,70.69,Normal (중립),-2.43,0.0,0.0,0.0,0.0,0.0,0.0,0.0,0.0,20000.0,20000.0,100.0,0.0,Hold
2013-04-05,0.61,67.86,70.8,Normal (중립),-4.16,0.0,0.0,0.0,0.0,0.0,0.0,0.0,0.0,20000.0,20000.0,100.0,0.0,Hold
2013-04-12,0.66,69.94,70.96,Normal (중립),-1.44,0.0,0.0,0.0,0.0,0.0,0.0,0.0,0.0,20000.0,20000.0,100.0,0.0,Hold
2013-04-19,0.61,68.09,71.07,Normal (중립),-4.2,0.0,0.0,0.0,0.0,0.0,0.0,0.0,0.0,20000.0,20000.0,100.0,0.0,Hold
2013-04-26,0.65,69.57,71.22,Normal (중립),-2.32,0.0,0.0,0.0,0.0,0.0,0.0,0.0,0.0,20000.0,20000.0,100.0,0.0,Hold
2013-05-03,0.72,72.12,71.42,Normal (중립),0.98,0.0,0.0,0.0,0.0,0.0,0.0,0.0,0.0,20000.0,20000.0,100.0,0.0,Hold
2013-05-10,0.75,73.05,71.64,Normal (중립),1.97,0.0,0.0,0.0,0.0,0.0,0.0,0.0,0.0,20000.0,20000.0,100.0,0.0,Hold
2013-05-17,0.79,74.3,71.88,Normal (중립),3.36,0.0,0.0,0.0,0.0,0.0,0.0,0.0,0.0,20000.0,20000.0,100.0,0.0,Hold
2013-05-24,0.76,73.41,72.1,Normal (중립),1.81,0.0,0.0,0.0,0.0,0.0,0.0,0.0,0.0,20000.0,20000.0,100.0,0.0,Hold
2013-05-31,0.75,73.25,72.31,Normal (중립),1.3,0.0,0.0,0.0,0.0,0.0,0.0,0.0,0.0,20000.0,20000.0,100.0,0.0,Hold
2013-06-07,0.76,73.39,72.52,Normal (중립),1.2,0.0,0.0,0.0,0.0,0.0,0.0,0.0,0.0,20000.0,20000.0,100.0,0.0,Hold
2013-06-14,0.72,72.28,72.7,Normal (중립),-0.58,0.0,0.0,0.0,0.0,0.0,0.0,0.0,0.0,20000.0,20000.0,100.0,0.0,Hold
2013-06-21,0.67,70.43,72.84,Normal (중립),-3.3,0.0,0.0,0.0,0.0,0.0,0.0,0.0,0.0,20000.0,20000.0,100.0,0.0,Hold
2013-06-28,0.69,71.27,72.99,Normal (중립),-2.35,0.0,0.0,0.0,0.0,0.0,0.0,0.0,0.0,20000.0,20000.0,100.0,0.0,Hold
2013-07-05,0.73,72.58,73.16,Normal (중립),-0.8,0.0,0.0,0.0,0.0,0.0,0.0,0.0,0.0,20000.0,20000.0,100.0,0.0,Hold
2013-07-12,0.82,75.3,73.4,Normal (중립),2.59,0.0,0.0,0.0,0.0,0.0,0.0,0.0,0.0,20000.0,20000.0,100.0,0.0,Hold
2013-07-19,0.79,74.59,73.61,Normal (중립),1.33,0.0,0.0,0.0,0.0,0.0,0.0,0.0,0.0,20000.0,20000.0,100.0,0.0,Hold
2013-07-26,0.82,75.37,73.84,Normal (중립),2.07,0.0,0.0,0.0,0.0,0.0,0.0,0.0,0.0,20000.0,20000.0,100.0,0.0,Hold
2013-08-02,0.87,76.97,74.09,Normal (중립),3.88,0.0,0.0,0.0,0.0,0.0,0.0,0.0,0.0,20000.0,20000.0,100.0,0.0,Hold
2013-08-09,0.85,76.49,74.34,Normal (중립),2.9,0.0,0.0,0.0,0.0,0.0,0.0,0.0,0.0,20000.0,20000.0,100.0,0.0,Hold
2013-08-16,0.82,75.48,74.55,Normal (중립),1.24,0.0,0.0,0.0,0.0,0.0,0.0,0.0,0.0,20000.0,20000.0,100.0,0.0,Hold
2013-08-23,0.86,76.67,74.79,Normal (중립),2.51,0.0,0.0,0.0,0.0,0.0,0.0,0.0,0.0,20000.0,20000.0,100.0,0.0,Hold
2013-08-30,0.82,75.47,75.0,Normal (중립),0.63,0.0,0.0,0.0,0.0,0.0,0.0,0.0,0.0,20000.0,20000.0,100.0,0.0,Hold
2013-09-06,0.86,76.93,75.23,Normal (중립),2.26,0.0,0.0,0.0,0.0,0.0,0.0,0.0,0.0,20000.0,20000.0,100.0,0.0,Hold
2013-09-13,0.9,78.06,75.49,Normal (중립),3.41,0.0,0.0,0.0,0.0,0.0,0.0,0.0,0.0,20000.0,20000.0,100.0,0.0,Hold
2013-09-20,0.94,78.99,75.75,Normal (중립),4.27,0.0,0.0,0.0,0.0,0.0,0.0,0.0,0.0,20000.0,20000.0,100.0,0.0,Hold
2013-09-27,0.94,79.07,76.02,Normal (중립),4.01,0.0,0.0,0.0,0.0,0.0,0.0,0.0,0.0,20000.0,20000.0,100.0,0.0,Hold
2013-10-04,0.96,79.4,76.29,Normal (중립),4.08,0.0,0.0,0.0,0.0,0.0,0.0,0.0,0.0,20000.0,20000.0,100.0,0.0,Hold
2013-10-11,0.95,79.23,76.54,Normal (중립),3.51,0.0,0.0,0.0,0.0,0.0,0.0,0.0,0.0,20000.0,20000.0,100.0,0.0,Hold
2013-10-18,1.05,82.15,76.86,Over (고평가),6.89,0.0,0.0,0.0,0.0,0.0,0.0,0.0,0.0,20000.0,20000.0,100.0,0.0,Hold
2013-10-25,1.08,82.9,77.18,Over (고평가),7.41,0.0,0.0,0.0,0.0,0.0,0.0,0.0,0.0,20000.0,20000.0,100.0,0.0,Hold
2013-11-01,1.08,82.81,77.49,Over (고평가),6.86,0.0,0.0,0.0,0.0,0.0,0.0,0.0,0.0,20000.0,20000.0,100.0,0.0,Hold
2013-11-08,1.06,82.54,77.8,Over (고평가),6.09,0.0,0.0,0.0,0.0,0.0,0.0,0.0,0.0,20000.0,20000.0,100.0,0.0,Hold
2013-11-15,1.12,83.96,78.13,Over (고평가),7.47,0.0,0.0,0.0,0.0,0.0,0.0,0.0,0.0,20000.0,20000.0,100.0,0.0,Hold
2013-11-22,1.12,83.99,78.45,Over (고평가),7.06,0.0,0.0,0.0,0.0,0.0,0.0,0.0,0.0,20000.0,20000.0,100.0,0.0,Hold
2013-11-29,1.19,85.73,78.8,Over (고평가),8.8,0.0,0.0,0.0,0.0,0.0,0.0,0.0,0.0,20000.0,20000.0,100.0,0.0,Hold
2013-12-06,1.2,86.0,79.15,Over (고평가),8.66,0.0,0.0,0.0,0.0,0.0,0.0,0.0,0.0,20000.0,20000.0,100.0,0.0,Hold
2013-12-13,1.15,84.85,79.47,Over (고평가),6.77,0.0,0.0,0.0,0.0,0.0,0.0,0.0,0.0,20000.0,20000.0,100.0,0.0,Hold
2013-12-20,1.23,86.5,79.82,Over (고평가),8.37,0.0,0.0,0.0,0.0,0.0,0.0,0.0,0.0,20000.0,20000.0,100.0,0.0,Hold
2013-12-27,1.27,87.52,80.18,Over (고평가),9.15,0.0,0.0,0.0,0.0,0.0,0.0,0.0,0.0,20000.0,20000.0,100.0,0.0,Hold
2014-01-03,1.24,86.64,80.53,Over (고평가),7.59,0.0,0.0,0.0,0.0,0.0,0.0,0.0,0.0,20000.0,20000.0,100.0,0.0,Hold
2014-01-10,1.26,87.3,80.87,Over (고평가),7.95,0.0,0.0,0.0,0.0,0.0,0.0,0.0,0.0,20000.0,20000.0,100.0,0.0,Hold
2014-01-17,1.28,87.88,81.23,Over (고평가),8.19,0.0,0.0,0.0,0.0,0.0,0.0,0.0,0.0,20000.0,20000.0,100.0,0.0,Hold
2014-01-24,1.23,86.74,81.56,Over (고평가),6.36,0.0,0.0,0.0,0.0,0.0,0.0,0.0,0.0,20000.0,20000.0,100.0,0.0,Hold
2014-01-31,1.21,86.27,81.87,Over (고평가),5.37,0.0,0.0,0.0,0.0,0.0,0.0,0.0,0.0,20000.0,20000.0,100.0,0.0,Hold
2014-02-07,1.25,87.3,82.2,Over (고평가),6.2,0.0,0.0,0.0,0.0,0.0,0.0,0.0,0.0,20000.0,20000.0,100.0,0.0,Hold
2014-02-14,1.36,89.81,82.57,Over (고평가),8.77,0.0,0.0,0.0,0.0,0.0,0.0,0.0,0.0,20000.0,20000.0,100.0,0.0,Hold
2014-02-21,1.36,89.93,82.94,Over (고평가),8.43,0.0,0.0,0.0,0.0,0.0,0.0,0.0,0.0,20000.0,20000.0,100.0,0.0,Hold
2014-02-28,1.4,90.34,83.3,Over (고평가),8.45,0.0,0.0,0.0,0.0,0.0,0.0,0.0,0.0,20000.0,20000.0,100.0,0.0,Hold
2014-03-07,1.41,90.53,83.67,Over (고평가),8.2,0.0,0.0,0.0,0.0,0.0,0.0,0.0,0.0,20000.0,20000.0,100.0,0.0,Hold
2014-03-14,1.32,88.67,84.0,Over (고평가),5.56,0.0,0.0,0.0,0.0,0.0,0.0,0.0,0.0,20000.0,20000.0,100.0,0.0,Hold
2014-03-21,1.34,89.0,84.33,Over (고평가),5.54,0.0,0.0,0.0,0.0,0.0,0.0,0.0,0.0,20000.0,20000.0,100.0,0.0,Hold
2014-03-28,1.26,87.05,84.62,Normal (중립),2.87,0.0,0.0,0.0,0.0,0.0,0.0,0.0,0.0,20000.0,20000.0,100.0,0.0,Hold
2014-04-04,1.22,86.37,84.89,Normal (중립),1.74,0.0,0.0,0.0,0.0,0.0,0.0,0.0,0.0,20000.0,20000.0,100.0,0.0,Hold
2014-04-11,1.12,84.11,85.12,Normal (중립),-1.19,0.0,0.0,0.0,0.0,0.0,0.0,0.0,0.0,20000.0,20000.0,100.0,0.0,Hold
2014-04-18,1.21,86.2,85.39,Normal (중립),0.95,0.0,0.0,0.0,0.0,0.0,0.0,0.0,0.0,20000.0,20000.0,100.0,0.0,Hold
2014-04-25,1.2,86.19,85.65,Normal (중립),0.63,0.0,0.0,0.0,0.0,0.0,0.0,0.0,0.0,20000.0,20000.0,100.0,0.0,Hold
2014-05-02,1.26,87.49,85.93,Normal (중립),1.82,0.0,0.0,0.0,0.0,0.0,0.0,0.0,0.0,20000.0,20000.0,100.0,0.0,Hold
2014-05-09,1.23,86.8,86.19,Normal (중립),0.71,0.0,0.0,0.0,0.0,0.0,0.0,0.0,0.0,20000.0,20000.0,100.0,0.0,Hold
2014-05-16,1.26,87.71,86.46,Normal (중립),1.44,0.0,0.0,0.0,0.0,0.0,0.0,0.0,0.0,20000.0,20000.0,100.0,0.0,Hold
2014-05-23,1.36,89.88,86.77,Normal (중립),3.58,0.0,0.0,0.0,0.0,0.0,0.0,0.0,0.0,20000.0,20000.0,100.0,0.0,Hold
2014-05-30,1.42,91.31,87.1,Normal (중립),4.83,0.0,0.0,0.0,0.0,0.0,0.0,0.0,0.0,20000.0,20000.0,100.0,0.0,Hold
2014-06-06,1.49,92.82,87.45,Over (고평가),6.14,0.0,0.0,0.0,0.0,0.0,0.0,0.0,0.0,20000.0,20000.0,100.0,0.0,Hold
2014-06-13,1.47,92.32,87.79,Over (고평가),5.17,0.0,0.0,0.0,0.0,0.0,0.0,0.0,0.0,20000.0,20000.0,100.0,0.0,Hold
2014-06-20,1.5,92.77,88.12,Over (고평가),5.27,0.0,0.0,0.0,0.0,0.0,0.0,0.0,0.0,20000.0,20000.0,100.0,0.0,Hold
2014-06-27,1.55,93.75,88.48,Over (고평가),5.96,0.0,0.0,0.0,0.0,0.0,0.0,0.0,0.0,20000.0,20000.0,100.0,0.0,Hold
2014-07-04,1.65,95.7,88.85,Over (고평가),7.7,0.0,0.0,0.0,0.0,0.0,0.0,0.0,0.0,20000.0,20000.0,100.0,0.0,Hold
2014-07-11,1.62,95.27,89.22,Over (고평가),6.78,0.0,0.0,0.0,0.0,0.0,0.0,0.0,0.0,20000.0,20000.0,100.0,0.0,Hold
2014-07-18,1.66,96.12,89.6,Over (고평가),7.28,0.0,0.0,0.0,0.0,0.0,0.0,0.0,0.0,20000.0,20000.0,100.0,0.0,Hold
2014-07-25,1.7,96.74,89.98,Over (고평가),7.52,0.0,0.0,0.0,0.0,0.0,0.0,0.0,0.0,20000.0,20000.0,100.0,0.0,Hold
2014-08-01,1.59,94.67,90.32,Normal (중립),4.82,0.0,0.0,0.0,0.0,0.0,0.0,0.0,0.0,20000.0,20000.0,100.0,0.0,Hold
2014-08-08,1.6,94.9,90.66,Normal (중립),4.67,0.0,0.0,0.0,0.0,0.0,0.0,0.0,0.0,20000.0,20000.0,100.0,0.0,Hold
2014-08-15,1.72,97.4,91.04,Over (고평가),6.99,0.0,0.0,0.0,0.0,0.0,0.0,0.0,0.0,20000.0,20000.0,100.0,0.0,Hold
2014-08-22,1.81,99.05,91.44,Over (고평가),8.32,0.0,0.0,0.0,0.0,0.0,0.0,0.0,0.0,20000.0,20000.0,100.0,0.0,Hold
2014-08-29,1.85,99.78,91.85,Over (고평가),8.64,0.0,0.0,0.0,0.0,0.0,0.0,0.0,0.0,20000.0,20000.0,100.0,0.0,Hold
2014-09-05,1.86,99.89,92.25,Over (고평가),8.28,0.0,0.0,0.0,0.0,0.0,0.0,0.0,0.0,20000.0,20000.0,100.0,0.0,Hold
2014-09-12,1.84,99.48,92.64,Over (고평가),7.38,0.0,0.0,0.0,0.0,0.0,0.0,0.0,0.0,20000.0,20000.0,100.0,0.0,Hold
2014-09-19,1.87,99.98,93.03,Over (고평가),7.47,0.0,0.0,0.0,0.0,0.0,0.0,0.0,0.0,20000.0,20000.0,100.0,0.0,Hold
2014-09-26,1.8,98.78,93.41,Over (고평가),5.75,0.0,0.0,0.0,0.0,0.0,0.0,0.0,0.0,20000.0,20000.0,100.0,0.0,Hold
2014-10-03,1.77,98.17,93.76,Normal (중립),4.7,0.0,0.0,0.0,0.0,0.0,0.0,0.0,0.0,20000.0,20000.0,100.0,0.0,Hold
2014-10-10,1.56,94.44,94.06,Normal (중립),0.41,0.0,0.0,0.0,0.0,0.0,0.0,0.0,0.0,20000.0,20000.0,100.0,0.0,Hold
2014-10-17,1.49,93.0,94.32,Normal (중립),-1.4,0.0,0.0,0.0,0.0,0.0,0.0,0.0,0.0,20000.0,20000.0,100.0,0.0,Hold
2014-10-24,1.77,98.62,94.68,Normal (중립),4.17,0.0,0.0,0.0,0.0,0.0,0.0,0.0,0.0,20000.0,20000.0,100.0,0.0,Hold
2014-10-31,1.92,101.4,95.07,Over (고평가),6.66,0.0,0.0,0.0,0.0,0.0,0.0,0.0,0.0,20000.0,20000.0,100.0,0.0,Hold
2014-11-07,1.93,101.6,95.46,Over (고평가),6.44,0.0,0.0,0.0,0.0,0.0,0.0,0.0,0.0,20000.0,20000.0,100.0,0.0,Hold
2014-11-14,2.02,103.22,95.87,Over (고평가),7.67,0.0,0.0,0.0,0.0,0.0,0.0,0.0,0.0,20000.0,20000.0,100.0,0.0,Hold
2014-11-21,2.07,103.87,96.28,Over (고평가),7.88,0.0,0.0,0.0,0.0,0.0,0.0,0.0,0.0,20000.0,20000.0,100.0,0.0,Hold
2014-11-28,2.2,106.01,96.72,Over (고평가),9.6,0.0,0.0,0.0,0.0,0.0,0.0,0.0,0.0,20000.0,20000.0,100.0,0.0,Hold
2014-12-05,2.15,105.38,97.15,Over (고평가),8.47,0.0,0.0,0.0,0.0,0.0,0.0,0.0,0.0,20000.0,20000.0,100.0,0.0,Hold
2014-12-12,1.99,102.67,97.53,Over (고평가),5.27,0.0,0.0,0.0,0.0,0.0,0.0,0.0,0.0,20000.0,20000.0,100.0,0.0,Hold
2014-12-19,2.09,104.32,97.93,Over (고평가),6.52,0.0,0.0,0.0,0.0,0.0,0.0,0.0,0.0,20000.0,20000.0,100.0,0.0,Hold
2014-12-26,2.14,105.04,98.34,Over (고평가),6.81,0.0,0.0,0.0,0.0,0.0,0.0,0.0,0.0,20000.0,20000.0,100.0,0.0,Hold
2015-01-02,2.01,102.94,98.71,Normal (중립),4.28,0.0,0.0,0.0,0.0,0.0,0.0,0.0,0.0,20000.0,20000.0,100.0,0.0,Hold
2015-01-09,1.99,102.62,99.08,Normal (중립),3.57,0.0,0.0,0.0,0.0,0.0,0.0,0.0,0.0,20000.0,20000.0,100.0,0.0,Hold
2015-01-16,1.88,100.82,99.41,Normal (중립),1.42,0.0,0.0,0.0,0.0,0.0,0.0,0.0,0.0,20000.0,20000.0,100.0,0.0,Hold
2015-01-23,2.08,104.26,99.79,Normal (중립),4.48,0.0,0.0,0.0,0.0,0.0,0.0,0.0,0.0,20000.0,20000.0,100.0,0.0,Hold
2015-01-30,1.89,101.1,100.12,Normal (중립),0.98,0.0,0.0,0.0,0.0,0.0,0.0,0.0,0.0,20000.0,20000.0,100.0,0.0,Hold
2015-02-06,2.0,103.13,100.48,Normal (중립),2.64,0.0,0.0,0.0,0.0,0.0,0.0,0.0,0.0,20000.0,20000.0,100.0,0.0,Hold
2015-02-13,2.23,106.91,100.88,Over (고평가),5.98,0.0,0.0,0.0,0.0,0.0,0.0,0.0,0.0,20000.0,20000.0,100.0,0.0,Hold
2015-02-20,2.32,108.41,101.3,Over (고평가),7.01,0.0,0.0,0.0,0.0,0.0,0.0,0.0,0.0,20000.0,20000.0,100.0,0.0,Hold
2015-02-27,2.32,108.4,101.72,Over (고평가),6.56,0.0,0.0,0.0,0.0,0.0,0.0,0.0,0.0,20000.0,20000.0,100.0,0.0,Hold
2015-03-06,2.25,107.41,102.12,Over (고평가),5.18,0.0,0.0,0.0,0.0,0.0,0.0,0.0,0.0,20000.0,20000.0,100.0,0.0,Hold
2015-03-13,2.12,105.34,102.49,Normal (중립),2.78,0.0,0.0,0.0,0.0,0.0,0.0,0.0,0.0,20000.0,20000.0,100.0,0.0,Hold
2015-03-20,2.34,108.53,102.9,Over (고평가),5.47,0.0,0.0,0.0,0.0,0.0,0.0,0.0,0.0,20000.0,20000.0,100.0,0.0,Hold
2015-03-27,2.14,105.52,103.26,Normal (중립),2.19,0.0,0.0,0.0,0.0,0.0,0.0,0.0,0.0,20000.0,20000.0,100.0,0.0,Hold
2015-04-03,2.11,105.12,103.61,Normal (중립),1.46,0.0,0.0,0.0,0.0,0.0,0.0,0.0,0.0,20000.0,20000.0,100.0,0.0,Hold
2015-04-10,2.27,107.75,103.99,Normal (중립),3.61,0.0,0.0,0.0,0.0,0.0,0.0,0.0,0.0,20000.0,20000.0,100.0,0.0,Hold
2015-04-17,2.16,106.01,104.35,Normal (중립),1.59,0.0,0.0,0.0,0.0,0.0,0.0,0.0,0.0,20000.0,20000.0,100.0,0.0,Hold
2015-04-24,2.44,110.54,104.76,Over (고평가),5.51,0.0,0.0,0.0,0.0,0.0,0.0,0.0,0.0,20000.0,20000.0,100.0,0.0,Hold
2015-05-01,2.35,109.05,105.15,Normal (중립),3.71,0.0,0.0,0.0,0.0,0.0,0.0,0.0,0.0,20000.0,20000.0,100.0,0.0,Hold
2015-05-08,2.32,108.69,105.53,Normal (중립),2.99,0.0,0.0,0.0,0.0,0.0,0.0,0.0,0.0,20000.0,20000.0,100.0,0.0,Hold
2015-05-15,2.37,109.58,105.92,Normal (중립),3.45,0.0,0.0,0.0,0.0,0.0,0.0,0.0,0.0,20000.0,20000.0,100.0,0.0,Hold
2015-05-22,2.43,110.47,106.32,Normal (중립),3.9,0.0,0.0,0.0,0.0,0.0,0.0,0.0,0.0,20000.0,20000.0,100.0,0.0,Hold
2015-05-29,2.4,110.05,106.71,Normal (중립),3.13,0.0,0.0,0.0,0.0,0.0,0.0,0.0,0.0,20000.0,20000.0,100.0,0.0,Hold
2015-06-05,2.35,109.3,107.08,Normal (중립),2.07,0.0,0.0,0.0,0.0,0.0,0.0,0.0,0.0,20000.0,20000.0,100.0,0.0,Hold
2015-06-12,2.31,108.75,107.44,Normal (중립),1.21,0.0,0.0,0.0,0.0,0.0,0.0,0.0,0.0,20000.0,20000.0,100.0,0.0,Hold
2015-06-19,2.39,109.89,107.82,Normal (중립),1.92,0.0,0.0,0.0,0.0,0.0,0.0,0.0,0.0,20000.0,20000.0,100.0,0.0,Hold
2015-06-26,2.36,109.27,108.18,Normal (중립),1.01,0.0,0.0,0.0,0.0,0.0,0.0,0.0,0.0,20000.0,20000.0,100.0,0.0,Hold
2015-07-03,2.27,107.95,108.52,Normal (중립),-0.52,0.0,0.0,0.0,0.0,0.0,0.0,0.0,0.0,20000.0,20000.0,100.0,0.0,Hold
2015-07-10,2.24,107.65,108.85,Normal (중립),-1.1,0.0,0.0,0.0,0.0,0.0,0.0,0.0,0.0,20000.0,20000.0,100.0,0.0,Hold
2015-07-17,2.62,113.59,109.26,Normal (중립),3.97,0.0,0.0,0.0,0.0,0.0,0.0,0.0,0.0,20000.0,20000.0,100.0,0.0,Hold
2015-07-24,2.46,111.1,109.63,Normal (중립),1.34,0.0,0.0,0.0,0.0,0.0,0.0,0.0,0.0,20000.0,20000.0,100.0,0.0,Hold
2015-07-31,2.51,111.95,110.01,Normal (중립),1.77,0.0,0.0,0.0,0.0,0.0,0.0,0.0,0.0,20000.0,20000.0,100.0,0.0,Hold
2015-08-07,2.4,110.31,110.36,Normal (중립),-0.04,0.0,0.0,0.0,0.0,0.0,0.0,0.0,0.0,20000.0,20000.0,100.0,0.0,Hold
2015-08-14,2.41,110.51,110.71,Normal (중립),-0.18,0.0,0.0,0.0,0.0,0.0,0.0,0.0,0.0,20000.0,20000.0,100.0,0.0,Hold
2015-08-21,1.91,102.4,110.94,Under (저평가),-7.7,0.0,0.0,0.0,0.0,0.0,0.0,0.0,0.0,20000.0,20000.0,100.0,0.0,Hold
2015-08-28,2.05,105.62,111.22,Normal (중립),-5.03,0.0,0.0,0.0,0.0,0.0,0.0,0.0,0.0,20000.0,20000.0,100.0,0.0,Hold
2015-09-04,1.85,102.16,111.44,Under (저평가),-8.33,0.0,0.0,0.0,0.0,0.0,0.0,0.0,0.0,20000.0,20000.0,100.0,0.0,Hold
2015-09-11,2.03,105.57,111.71,Normal (중립),-5.49,0.0,0.0,0.0,0.0,0.0,0.0,0.0,0.0,20000.0,20000.0,100.0,0.0,Hold
2015-09-18,2.03,105.35,111.97,Normal (중립),-5.91,0.0,0.0,0.0,0.0,0.0,0.0,0.0,0.0,20000.0,20000.0,100.0,0.0,Hold
2015-09-25,1.89,102.92,112.19,Under (저평가),-8.26,0.0,0.0,0.0,0.0,0.0,0.0,0.0,0.0,20000.0,20000.0,100.0,0.0,Hold
2015-10-02,1.94,104.01,112.43,Under (저평가),-7.49,0.0,0.0,0.0,0.0,0.0,0.0,0.0,0.0,20000.0,20000.0,100.0,0.0,Hold
2015-10-09,2.08,106.53,112.7,Normal (중립),-5.47,0.0,0.0,0.0,0.0,0.0,0.0,0.0,0.0,20000.0,20000.0,100.0,0.0,Hold
2015-10-16,2.17,108.12,112.99,Normal (중립),-4.31,0.0,0.0,0.0,0.0,0.0,0.0,0.0,0.0,20000.0,20000.0,100.0,0.0,Hold
2015-10-23,2.46,112.78,113.34,Normal (중립),-0.49,0.0,0.0,0.0,0.0,0.0,0.0,0.0,0.0,20000.0,20000.0,100.0,0.0,Hold
2015-10-30,2.49,113.33,113.69,Normal (중립),-0.32,0.0,0.0,0.0,0.0,0.0,0.0,0.0,0.0,20000.0,20000.0,100.0,0.0,Hold
2015-11-06,2.59,114.79,114.06,Normal (중립),0.64,0.0,0.0,0.0,0.0,0.0,0.0,0.0,0.0,20000.0,20000.0,100.0,0.0,Hold
2015-11-13,2.26,109.84,114.36,Normal (중립),-3.95,0.0,0.0,0.0,0.0,0.0,0.0,0.0,0.0,20000.0,20000.0,100.0,0.0,Hold
2015-11-20,2.56,114.48,114.72,Normal (중립),-0.21,0.0,0.0,0.0,0.0,0.0,0.0,0.0,0.0,20000.0,20000.0,100.0,0.0,Hold
2015-11-27,2.54,114.31,115.07,Normal (중립),-0.66,0.0,0.0,0.0,0.0,0.0,0.0,0.0,0.0,20000.0,20000.0,100.0,0.0,Hold
2015-12-04,2.59,115.14,115.43,Normal (중립),-0.25,0.0,0.0,0.0,0.0,0.0,0.0,0.0,0.0,20000.0,20000.0,100.0,0.0,Hold
2015-12-11,2.3,110.79,115.73,Normal (중립),-4.27,0.0,0.0,0.0,0.0,0.0,0.0,0.0,0.0,20000.0,20000.0,100.0,0.0,Hold
2015-12-18,2.27,109.83,116.01,Normal (중립),-5.33,0.0,0.0,0.0,0.0,0.0,0.0,0.0,0.0,20000.0,20000.0,100.0,0.0,Hold
2015-12-25,2.43,112.59,116.33,Normal (중립),-3.21,0.0,0.0,0.0,0.0,0.0,0.0,0.0,0.0,20000.0,20000.0,100.0,0.0,Hold
2016-01-01,2.38,111.86,116.63,Normal (중립),-4.09,0.0,0.0,0.0,0.0,0.0,0.0,0.0,0.0,20000.0,20000.0,100.0,0.0,Hold
2016-01-08,1.9,104.01,116.82,Under (저평가),-10.97,0.0,0.0,0.0,0.0,0.0,0.0,0.0,0.0,20000.0,20000.0,100.0,0.0,Hold
2016-01-15,1.72,100.84,116.96,Under (저평가),-13.79,0.0,0.0,0.0,0.0,0.0,0.0,0.0,0.0,20000.0,20000.0,100.0,0.0,Hold
2016-01-22,1.86,103.77,117.15,Under (저평가),-11.42,0.0,0.0,0.0,0.0,0.0,0.0,0.0,0.0,20000.0,20000.0,100.0,0.0,Hold
2016-01-29,1.88,104.13,117.33,Under (저평가),-11.25,0.0,0.0,0.0,0.0,0.0,0.0,0.0,0.0,20000.0,20000.0,100.0,0.0,Hold
2016-02-05,1.56,98.12,117.42,Under (저평가),-16.44,0.0,0.0,0.0,0.0,0.0,0.0,0.0,0.0,20000.0,20000.0,100.0,0.0,Hold
2016-02-12,1.55,98.02,117.52,Under (저평가),-16.59,0.0,0.0,0.0,0.0,0.0,0.0,0.0,0.0,20000.0,20000.0,100.0,0.0,Hold
2016-02-19,1.72,101.63,117.66,Under (저평가),-13.62,0.0,0.0,0.0,0.0,0.0,0.0,0.0,0.0,20000.0,20000.0,100.0,0.0,Hold
2016-02-26,1.81,103.43,117.83,Under (저평가),-12.22,0.0,0.0,0.0,0.0,0.0,0.0,0.0,0.0,20000.0,20000.0,100.0,0.0,Hold
2016-03-04,1.93,105.67,118.02,Under (저평가),-10.47,0.0,0.0,0.0,0.0,0.0,0.0,0.0,0.0,20000.0,20000.0,100.0,0.0,Hold
2016-03-11,1.97,106.49,118.23,Under (저평가),-9.93,0.0,0.0,0.0,0.0,0.0,0.0,0.0,0.0,20000.0,20000.0,100.0,0.0,Hold
2016-03-18,2.03,107.37,118.44,Under (저평가),-9.35,0.0,0.0,0.0,0.0,0.0,0.0,0.0,0.0,20000.0,20000.0,100.0,0.0,Hold
2016-03-25,2.03,107.26,118.66,Under (저평가),-9.6,0.0,0.0,0.0,0.0,0.0,0.0,0.0,0.0,20000.0,20000.0,100.0,0.0,Hold
2016-04-01,2.2,110.36,118.91,Under (저평가),-7.19,0.0,0.0,0.0,0.0,0.0,0.0,0.0,0.0,20000.0,20000.0,100.0,0.0,Hold
2016-04-08,2.12,109.0,119.14,Under (저평가),-8.51,0.0,0.0,0.0,0.0,0.0,0.0,0.0,0.0,20000.0,20000.0,100.0,0.0,Hold
2016-04-15,2.21,110.64,119.39,Under (저평가),-7.33,0.0,0.0,0.0,0.0,0.0,0.0,0.0,0.0,20000.0,20000.0,100.0,0.0,Hold
2016-04-22,2.11,108.98,119.61,Under (저평가),-8.89,0.0,0.0,0.0,0.0,0.0,0.0,0.0,0.0,20000.0,20000.0,100.0,0.0,Hold
2016-04-29,1.93,105.72,119.79,Under (저평가),-11.74,0.0,0.0,0.0,0.0,0.0,0.0,0.0,0.0,20000.0,20000.0,100.0,0.0,Hold
2016-05-06,1.92,105.58,119.96,Under (저평가),-11.99,0.0,0.0,0.0,0.0,0.0,0.0,0.0,0.0,20000.0,20000.0,100.0,0.0,Hold
2016-05-13,1.91,105.5,120.13,Under (저평가),-12.18,0.0,0.0,0.0,0.0,0.0,0.0,0.0,0.0,20000.0,20000.0,100.0,0.0,Hold
2016-05-20,1.96,106.47,120.31,Under (저평가),-11.51,0.0,0.0,0.0,0.0,0.0,0.0,0.0,0.0,20000.0,20000.0,100.0,0.0,Hold
2016-05-27,2.16,110.13,120.54,Under (저평가),-8.64,0.0,0.0,0.0,0.0,0.0,0.0,0.0,0.0,20000.0,20000.0,100.0,0.0,Hold
2016-06-03,2.16,110.06,120.77,Under (저평가),-8.86,0.0,0.0,0.0,0.0,0.0,0.0,0.0,0.0,20000.0,20000.0,100.0,0.0,Hold
2016-06-10,2.1,108.94,120.97,Under (저평가),-9.95,0.0,0.0,0.0,0.0,0.0,0.0,0.0,0.0,20000.0,20000.0,100.0,0.0,Hold
2016-06-17,1.97,106.49,121.14,Under (저평가),-12.1,0.0,0.0,0.0,0.0,0.0,0.0,0.0,0.0,20000.0,20000.0,100.0,0.0,Hold
2016-06-24,1.84,104.29,121.28,Under (저평가),-14.01,0.0,0.0,0.0,0.0,0.0,0.0,0.0,0.0,20000.0,20000.0,100.0,0.0,Hold
2016-07-01,2.03,108.08,121.47,Under (저평가),-11.03,0.0,0.0,0.0,0.0,0.0,0.0,0.0,0.0,20000.0,20000.0,100.0,0.0,Hold
2016-07-08,2.16,110.3,121.69,Under (저평가),-9.36,0.0,0.0,0.0,0.0,0.0,0.0,0.0,0.0,20000.0,20000.0,100.0,0.0,Hold
2016-07-15,2.25,111.8,121.92,Under (저평가),-8.3,0.0,0.0,0.0,0.0,0.0,0.0,0.0,0.0,20000.0,20000.0,100.0,0.0,Hold
2016-07-22,2.36,113.65,122.18,Under (저평가),-6.98,0.0,0.0,0.0,0.0,0.0,0.0,0.0,0.0,20000.0,20000.0,100.0,0.0,Hold
2016-07-29,2.46,115.23,122.45,Normal (중립),-5.9,0.0,0.0,0.0,0.0,0.0,0.0,0.0,0.0,20000.0,20000.0,100.0,0.0,Hold
2016-08-05,2.56,116.78,122.74,Normal (중립),-4.86,0.0,0.0,0.0,0.0,0.0,0.0,0.0,0.0,20000.0,20000.0,100.0,0.0,Hold
2016-08-12,2.58,117.2,123.03,Normal (중립),-4.74,0.0,0.0,0.0,0.0,0.0,0.0,0.0,0.0,20000.0,20000.0,100.0,0.0,Hold
2016-08-19,2.59,117.26,123.32,Normal (중립),-4.91,0.0,0.0,0.0,0.0,0.0,0.0,0.0,0.0,20000.0,20000.0,100.0,0.0,Hold
2016-08-26,2.55,116.78,123.6,Normal (중립),-5.52,0.0,0.0,0.0,0.0,0.0,0.0,0.0,0.0,20000.0,20000.0,100.0,0.0,Hold
2016-09-02,2.57,117.12,123.88,Normal (중립),-5.46,0.0,0.0,0.0,0.0,0.0,0.0,0.0,0.0,20000.0,20000.0,100.0,0.0,Hold
2016-09-09,2.38,114.28,124.13,Under (저평가),-7.93,0.0,0.0,0.0,0.0,0.0,0.0,0.0,0.0,20000.0,20000.0,100.0,0.0,Hold
2016-09-16,2.59,117.29,124.41,Normal (중립),-5.72,0.0,0.0,0.0,0.0,0.0,0.0,0.0,0.0,20000.0,20000.0,100.0,0.0,Hold
2016-09-23,2.66,118.33,124.69,Normal (중립),-5.1,0.0,0.0,0.0,0.0,0.0,0.0,0.0,0.0,20000.0,20000.0,100.0,0.0,Hold
2016-09-30,2.68,118.72,124.98,Normal (중립),-5.01,0.0,0.0,0.0,0.0,0.0,0.0,0.0,0.0,20000.0,20000.0,100.0,0.0,Hold
2016-10-07,2.66,118.47,125.27,Normal (중립),-5.43,0.0,0.0,0.0,0.0,0.0,0.0,0.0,0.0,20000.0,20000.0,100.0,0.0,Hold
2016-10-14,2.57,117.14,125.53,Under (저평가),-6.69,0.0,0.0,0.0,0.0,0.0,0.0,0.0,0.0,20000.0,20000.0,100.0,0.0,Hold
2016-10-21,2.64,118.15,125.81,Under (저평가),-6.09,0.0,0.0,0.0,0.0,0.0,0.0,0.0,0.0,20000.0,20000.0,100.0,0.0,Hold
2016-10-28,2.57,117.1,126.07,Under (저평가),-7.12,0.0,0.0,0.0,0.0,0.0,0.0,0.0,0.0,20000.0,20000.0,100.0,0.0,Hold
2016-11-04,2.34,113.65,126.28,Under (저평가),-10.01,0.0,0.0,0.0,0.0,0.0,0.0,0.0,0.0,20000.0,20000.0,100.0,0.0,Hold
2016-11-11,2.47,115.8,126.52,Under (저평가),-8.48,0.0,0.0,0.0,0.0,0.0,0.0,0.0,0.0,20000.0,20000.0,100.0,0.0,Hold
2016-11-18,2.57,117.32,126.78,Under (저평가),-7.46,0.0,0.0,0.0,0.0,0.0,0.0,0.0,0.0,20000.0,20000.0,100.0,0.0,Hold
2016-11-25,2.66,118.8,127.05,Under (저평가),-6.49,0.0,0.0,0.0,0.0,0.0,0.0,0.0,0.0,20000.0,20000.0,100.0,0.0,Hold
2016-12-02,2.45,115.7,127.28,Under (저평가),-9.1,0.0,0.0,0.0,0.0,0.0,0.0,0.0,0.0,20000.0,20000.0,100.0,0.0,Hold
2016-12-09,2.7,119.5,127.55,Under (저평가),-6.31,0.0,0.0,0.0,0.0,0.0,0.0,0.0,0.0,20000.0,20000.0,100.0,0.0,Hold
2016-12-16,2.73,119.6,127.83,Under (저평가),-6.44,0.0,0.0,0.0,0.0,0.0,0.0,0.0,0.0,20000.0,20000.0,100.0,0.0,Hold
2016-12-23,2.77,120.2,128.1,Under (저평가),-6.17,0.0,0.0,0.0,0.0,0.0,0.0,0.0,0.0,20000.0,20000.0,100.0,0.0,Hold
2016-12-30,2.65,118.48,128.36,Under (저평가),-7.7,0.0,0.0,0.0,0.0,0.0,0.0,0.0,0.0,20000.0,20000.0,100.0,0.0,Hold
2017-01-06,2.88,121.93,128.65,Normal (중립),-5.22,0.0,0.0,0.0,0.0,0.0,0.0,0.0,0.0,20000.0,20000.0,100.0,0.0,Hold
2017-01-13,2.97,123.16,128.96,Normal (중립),-4.49,0.0,0.0,0.0,0.0,0.0,0.0,0.0,0.0,20000.0,20000.0,100.0,0.0,Hold
2017-01-20,2.97,123.25,129.26,Normal (중립),-4.65,0.0,0.0,0.0,0.0,0.0,0.0,0.0,0.0,20000.0,20000.0,100.0,0.0,Hold
2017-01-27,3.16,125.8,129.59,Normal (중립),-2.92,0.0,0.0,0.0,0.0,0.0,0.0,0.0,0.0,20000.0,20000.0,100.0,0.0,Hold
2017-02-03,3.15,125.68,129.91,Normal (중립),-3.26,0.0,0.0,0.0,0.0,0.0,0.0,0.0,0.0,20000.0,20000.0,100.0,0.0,Hold
2017-02-10,3.27,127.38,130.25,Normal (중립),-2.2,0.0,0.0,0.0,0.0,0.0,0.0,0.0,0.0,20000.0,20000.0,100.0,0.0,Hold
2017-02-17,3.46,129.81,130.62,Normal (중립),-0.62,0.0,0.0,0.0,0.0,0.0,0.0,0.0,0.0,20000.0,20000.0,100.0,0.0,Hold
2017-02-24,3.5,130.26,130.98,Normal (중립),-0.55,0.0,0.0,0.0,0.0,0.0,0.0,0.0,0.0,20000.0,20000.0,100.0,0.0,Hold
2017-03-03,3.55,131.02,131.35,Normal (중립),-0.25,0.0,0.0,0.0,0.0,0.0,0.0,0.0,0.0,20000.0,20000.0,100.0,0.0,Hold
2017-03-10,3.58,131.39,131.73,Normal (중립),-0.26,0.0,0.0,0.0,0.0,0.0,0.0,0.0,0.0,20000.0,20000.0,100.0,0.0,Hold
2017-03-17,3.62,131.69,132.1,Normal (중립),-0.31,0.0,0.0,0.0,0.0,0.0,0.0,0.0,0.0,20000.0,20000.0,100.0,0.0,Hold
2017-03-24,3.53,130.63,132.46,Normal (중립),-1.38,0.0,0.0,0.0,0.0,0.0,0.0,0.0,0.0,20000.0,20000.0,100.0,0.0,Hold
2017-03-31,3.68,132.38,132.83,Normal (중립),-0.34,0.0,0.0,0.0,0.0,0.0,0.0,0.0,0.0,20000.0,20000.0,100.0,0.0,Hold
2017-04-07,3.64,131.97,133.2,Normal (중립),-0.92,0.0,0.0,0.0,0.0,0.0,0.0,0.0,0.0,20000.0,20000.0,100.0,0.0,Hold
2017-04-14,3.51,130.4,133.55,Normal (중립),-2.36,0.0,0.0,0.0,0.0,0.0,0.0,0.0,0.0,20000.0,20000.0,100.0,0.0,Hold
2017-04-21,3.68,132.56,133.92,Normal (중립),-1.01,0.0,0.0,0.0,0.0,0.0,0.0,0.0,0.0,20000.0,20000.0,100.0,0.0,Hold
2017-04-28,3.97,135.99,134.32,Normal (중립),1.24,0.0,0.0,0.0,0.0,0.0,0.0,0.0,0.0,20000.0,20000.0,100.0,0.0,Hold
2017-05-05,4.1,137.54,134.73,Normal (중립),2.08,0.0,0.0,0.0,0.0,0.0,0.0,0.0,0.0,20000.0,20000.0,100.0,0.0,Hold
2017-05-12,4.2,138.6,135.16,Normal (중립),2.55,0.0,0.0,0.0,0.0,0.0,0.0,0.0,0.0,20000.0,20000.0,100.0,0.0,Hold
2017-05-19,4.12,137.84,135.57,Normal (중립),1.68,0.0,0.0,0.0,0.0,0.0,0.0,0.0,0.0,20000.0,20000.0,100.0,0.0,Hold
2017-05-26,4.42,141.22,136.01,Normal (중립),3.83,0.0,0.0,0.0,0.0,0.0,0.0,0.0,0.0,20000.0,20000.0,100.0,0.0,Hold
2017-06-02,4.63,143.46,136.47,Over (고평가),5.12,0.0,0.0,0.0,0.0,0.0,0.0,0.0,0.0,20000.0,20000.0,100.0,0.0,Hold
2017-06-09,4.3,139.98,136.9,Normal (중립),2.25,0.0,0.0,0.0,0.0,0.0,0.0,0.0,0.0,20000.0,20000.0,100.0,0.0,Hold
2017-06-16,4.16,138.15,137.3,Normal (중립),0.62,0.0,0.0,0.0,0.0,0.0,0.0,0.0,0.0,20000.0,20000.0,100.0,0.0,Hold
2017-06-23,4.43,141.24,137.73,Normal (중립),2.55,0.0,0.0,0.0,0.0,0.0,0.0,0.0,0.0,20000.0,20000.0,100.0,0.0,Hold
2017-06-30,4.07,137.64,138.12,Normal (중립),-0.35,0.0,0.0,0.0,0.0,0.0,0.0,0.0,0.0,20000.0,20000.0,100.0,0.0,Hold
2017-07-07,4.08,137.76,138.51,Normal (중립),-0.54,0.0,0.0,0.0,0.0,0.0,0.0,0.0,0.0,20000.0,20000.0,100.0,0.0,Hold
2017-07-14,4.48,142.12,138.94,Normal (중립),2.29,0.0,0.0,0.0,0.0,0.0,0.0,0.0,0.0,20000.0,20000.0,100.0,0.0,Hold
2017-07-21,4.67,144.11,139.39,Normal (중립),3.39,0.0,0.0,0.0,0.0,0.0,0.0,0.0,0.0,20000.0,20000.0,100.0,0.0,Hold
2017-07-28,4.64,143.84,139.83,Normal (중립),2.87,0.0,0.0,0.0,0.0,0.0,0.0,0.0,0.0,20000.0,20000.0,100.0,0.0,Hold
2017-08-04,4.61,143.65,140.26,Normal (중립),2.41,0.0,0.0,0.0,0.0,0.0,0.0,0.0,0.0,20000.0,20000.0,100.0,0.0,Hold
2017-08-11,4.46,142.1,140.68,Normal (중립),1.01,0.0,0.0,0.0,0.0,0.0,0.0,0.0,0.0,20000.0,20000.0,100.0,0.0,Hold
2017-08-18,4.36,141.23,141.09,Normal (중립),0.1,0.0,0.0,0.0,0.0,0.0,0.0,0.0,0.0,20000.0,20000.0,100.0,0.0,Hold
2017-08-25,4.43,141.97,141.5,Normal (중립),0.33,0.0,0.0,0.0,0.0,0.0,0.0,0.0,0.0,20000.0,20000.0,100.0,0.0,Hold
2017-09-01,4.81,146.0,141.95,Normal (중립),2.85,0.0,0.0,0.0,0.0,0.0,0.0,0.0,0.0,20000.0,20000.0,100.0,0.0,Hold
2017-09-08,4.63,144.21,142.37,Normal (중립),1.29,0.0,0.0,0.0,0.0,0.0,0.0,0.0,0.0,20000.0,20000.0,100.0,0.0,Hold
2017-09-15,4.8,146.06,142.82,Normal (중립),2.27,0.0,0.0,0.0,0.0,0.0,0.0,0.0,0.0,20000.0,20000.0,100.0,0.0,Hold
2017-09-22,4.66,144.32,143.24,Normal (중립),0.75,0.0,0.0,0.0,0.0,0.0,0.0,0.0,0.0,20000.0,20000.0,100.0,0.0,Hold
2017-09-29,4.76,145.45,143.67,Normal (중립),1.24,0.0,0.0,0.0,0.0,0.0,0.0,0.0,0.0,20000.0,20000.0,100.0,0.0,Hold
2017-10-06,4.97,147.66,144.12,Normal (중립),2.46,0.0,0.0,0.0,0.0,0.0,0.0,0.0,0.0,20000.0,20000.0,100.0,0.0,Hold
2017-10-13,5.04,148.34,144.57,Normal (중립),2.61,0.0,0.0,0.0,0.0,0.0,0.0,0.0,0.0,20000.0,20000.0,100.0,0.0,Hold
2017-10-20,5.07,148.71,145.02,Normal (중립),2.54,0.0,0.0,0.0,0.0,0.0,0.0,0.0,0.0,20000.0,20000.0,100.0,0.0,Hold
2017-10-27,5.32,151.24,145.5,Normal (중립),3.95,0.0,0.0,0.0,0.0,0.0,0.0,0.0,0.0,20000.0,20000.0,100.0,0.0,Hold
2017-11-03,5.53,153.27,145.99,Normal (중립),4.99,0.0,0.0,0.0,0.0,0.0,0.0,0.0,0.0,20000.0,20000.0,100.0,0.0,Hold
2017-11-10,5.57,153.68,146.48,Normal (중립),4.91,0.0,0.0,0.0,0.0,0.0,0.0,0.0,0.0,20000.0,20000.0,100.0,0.0,Hold
2017-11-17,5.59,153.95,146.97,Normal (중립),4.75,0.0,0.0,0.0,0.0,0.0,0.0,0.0,0.0,20000.0,20000.0,100.0,0.0,Hold
2017-11-24,5.84,156.26,147.48,Over (고평가),5.95,0.0,0.0,0.0,0.0,0.0,0.0,0.0,0.0,20000.0,20000.0,100.0,0.0,Hold
2017-12-01,5.64,154.49,147.97,Normal (중립),4.41,0.0,0.0,0.0,0.0,0.0,0.0,0.0,0.0,20000.0,20000.0,100.0,0.0,Hold
2017-12-08,5.65,154.7,148.46,Normal (중립),4.2,0.0,0.0,0.0,0.0,0.0,0.0,0.0,0.0,20000.0,20000.0,100.0,0.0,Hold
2017-12-15,5.97,157.65,148.97,Over (고평가),5.83,0.0,0.0,0.0,0.0,0.0,0.0,0.0,0.0,20000.0,20000.0,100.0,0.0,Hold
2017-12-22,5.97,157.37,149.48,Over (고평가),5.28,0.0,0.0,0.0,0.0,0.0,0.0,0.0,0.0,20000.0,20000.0,100.0,0.0,Hold
2017-12-29,5.78,155.76,149.97,Normal (중립),3.86,0.0,0.0,0.0,0.0,0.0,0.0,0.0,0.0,20000.0,20000.0,100.0,0.0,Hold
2018-01-05,6.48,161.92,150.51,Over (고평가),7.58,0.0,0.0,0.0,0.0,0.0,0.0,0.0,0.0,20000.0,20000.0,100.0,0.0,Hold
2018-01-12,6.78,164.49,151.07,Over (고평가),8.88,0.0,0.0,0.0,0.0,0.0,0.0,0.0,0.0,20000.0,20000.0,100.0,0.0,Hold
2018-01-19,7.02,166.34,151.65,Over (고평가),9.69,0.0,0.0,0.0,0.0,0.0,0.0,0.0,0.0,20000.0,20000.0,100.0,0.0,Hold
2018-01-26,7.58,170.93,152.26,Over (고평가),12.26,0.0,0.0,0.0,0.0,0.0,0.0,0.0,0.0,20000.0,20000.0,100.0,0.0,Hold
2018-02-02,6.76,164.61,152.81,Over (고평가),7.72,0.0,0.0,0.0,0.0,0.0,0.0,0.0,0.0,20000.0,20000.0,100.0,0.0,Hold
2018-02-09,5.67,156.1,153.28,Normal (중립),1.84,0.0,0.0,0.0,0.0,0.0,0.0,0.0,0.0,20000.0,20000.0,100.0,0.0,Hold
2018-02-16,6.68,164.96,153.83,Over (고평가),7.23,0.0,0.0,0.0,0.0,0.0,0.0,0.0,0.0,20000.0,20000.0,100.0,0.0,Hold
2018-02-23,7.05,168.17,154.41,Over (고평가),8.91,0.0,0.0,0.0,0.0,0.0,0.0,0.0,0.0,20000.0,20000.0,100.0,0.0,Hold
2018-03-02,6.77,165.99,154.96,Over (고평가),7.12,0.0,0.0,0.0,0.0,0.0,0.0,0.0,0.0,20000.0,20000.0,100.0,0.0,Hold
2018-03-09,7.66,173.16,155.58,Over (고평가),11.3,0.0,0.0,0.0,0.0,0.0,0.0,0.0,0.0,20000.0,20000.0,100.0,0.0,Hold
2018-03-16,7.38,171.02,156.17,Over (고평가),9.51,0.0,0.0,0.0,0.0,0.0,0.0,0.0,0.0,20000.0,20000.0,100.0,0.0,Hold
2018-03-23,5.85,158.51,156.64,Normal (중립),1.19,0.0,0.0,0.0,0.0,0.0,0.0,0.0,0.0,20000.0,20000.0,100.0,0.0,Hold
2018-03-30,6.0,160.13,157.13,Normal (중립),1.91,0.0,0.0,0.0,0.0,0.0,0.0,0.0,0.0,20000.0,20000.0,100.0,0.0,Hold
2018-04-06,5.56,156.63,157.58,Normal (중립),-0.6,0.0,0.0,0.0,0.0,0.0,0.0,0.0,0.0,20000.0,20000.0,100.0,0.0,Hold
2018-04-13,6.06,161.37,158.07,Normal (중립),2.09,0.0,0.0,0.0,0.0,0.0,0.0,0.0,0.0,20000.0,20000.0,100.0,0.0,Hold
2018-04-20,6.15,162.3,158.57,Normal (중립),2.35,0.0,0.0,0.0,0.0,0.0,0.0,0.0,0.0,20000.0,20000.0,100.0,0.0,Hold
2018-04-27,6.1,162.09,159.06,Normal (중립),1.9,0.0,0.0,0.0,0.0,0.0,0.0,0.0,0.0,20000.0,20000.0,100.0,0.0,Hold
2018-05-04,6.4,164.87,159.58,Normal (중립),3.31,0.0,0.0,0.0,0.0,0.0,0.0,0.0,0.0,20000.0,20000.0,100.0,0.0,Hold
2018-05-11,6.94,169.46,160.13,Over (고평가),5.82,0.0,0.0,0.0,0.0,0.0,0.0,0.0,0.0,20000.0,20000.0,100.0,0.0,Hold
2018-05-18,6.68,167.46,160.67,Normal (중립),4.23,0.0,0.0,0.0,0.0,0.0,0.0,0.0,0.0,20000.0,20000.0,100.0,0.0,Hold
2018-05-25,6.94,169.72,161.21,Over (고평가),5.28,0.0,0.0,0.0,0.0,0.0,0.0,0.0,0.0,20000.0,20000.0,100.0,0.0,Hold
2018-06-01,7.31,172.74,161.79,Over (고평가),6.77,0.0,0.0,0.0,0.0,0.0,0.0,0.0,0.0,20000.0,20000.0,100.0,0.0,Hold
2018-06-08,7.52,174.44,162.37,Over (고평가),7.43,0.0,0.0,0.0,0.0,0.0,0.0,0.0,0.0,20000.0,20000.0,100.0,0.0,Hold
2018-06-15,7.84,176.98,162.97,Over (고평가),8.59,0.0,0.0,0.0,0.0,0.0,0.0,0.0,0.0,20000.0,20000.0,100.0,0.0,Hold
2018-06-22,7.64,175.32,163.56,Over (고평가),7.19,0.0,0.0,0.0,0.0,0.0,0.0,0.0,0.0,20000.0,20000.0,100.0,0.0,Hold
2018-06-29,7.14,171.65,164.11,Normal (중립),4.6,0.0,0.0,0.0,0.0,0.0,0.0,0.0,0.0,20000.0,20000.0,100.0,0.0,Hold
2018-07-06,7.64,175.61,164.69,Over (고평가),6.63,0.0,0.0,0.0,0.0,0.0,0.0,0.0,0.0,20000.0,20000.0,100.0,0.0,Hold
2018-07-13,8.16,179.61,165.3,Over (고평가),8.66,0.0,0.0,0.0,0.0,0.0,0.0,0.0,0.0,20000.0,20000.0,100.0,0.0,Hold
2018-07-20,8.07,178.99,165.9,Over (고평가),7.89,0.0,0.0,0.0,0.0,0.0,0.0,0.0,0.0,20000.0,20000.0,100.0,0.0,Hold
2018-07-27,7.87,177.62,166.49,Over (고평가),6.68,0.0,0.0,0.0,0.0,0.0,0.0,0.0,0.0,20000.0,20000.0,100.0,0.0,Hold
2018-08-03,8.17,180.08,167.1,Over (고평가),7.77,0.0,0.0,0.0,0.0,0.0,0.0,0.0,0.0,20000.0,20000.0,100.0,0.0,Hold
2018-08-10,8.22,180.52,167.71,Over (고평가),7.64,0.0,0.0,0.0,0.0,0.0,0.0,0.0,0.0,20000.0,20000.0,100.0,0.0,Hold
2018-08-17,8.11,179.86,168.3,Over (고평가),6.87,0.0,0.0,0.0,0.0,0.0,0.0,0.0,0.0,20000.0,20000.0,100.0,0.0,Hold
2018-08-24,8.46,182.48,168.92,Over (고평가),8.03,0.0,0.0,0.0,0.0,0.0,0.0,0.0,0.0,20000.0,20000.0,100.0,0.0,Hold
2018-08-31,9.04,186.65,169.57,Over (고평가),10.07,0.0,0.0,0.0,0.0,0.0,0.0,0.0,0.0,20000.0,20000.0,100.0,0.0,Hold
2018-09-07,8.26,181.11,170.17,Over (고평가),6.43,0.0,0.0,0.0,0.0,0.0,0.0,0.0,0.0,20000.0,20000.0,100.0,0.0,Hold
2018-09-14,8.63,183.99,170.79,Over (고평가),7.73,0.0,0.0,0.0,0.0,0.0,0.0,0.0,0.0,20000.0,20000.0,100.0,0.0,Hold
2018-09-21,8.57,183.71,171.4,Over (고평가),7.18,0.0,0.0,0.0,0.0,0.0,0.0,0.0,0.0,20000.0,20000.0,100.0,0.0,Hold
2018-09-28,8.89,185.79,172.03,Over (고평가),8.0,0.0,0.0,0.0,0.0,0.0,0.0,0.0,0.0,20000.0,20000.0,100.0,0.0,Hold
2018-10-05,8.09,180.15,172.61,Normal (중립),4.37,0.0,0.0,0.0,0.0,0.0,0.0,0.0,0.0,20000.0,20000.0,100.0,0.0,Hold
2018-10-12,7.25,174.32,173.14,Normal (중립),0.68,0.0,0.0,0.0,0.0,0.0,0.0,0.0,0.0,20000.0,20000.0,100.0,0.0,Hold
2018-10-19,7.05,173.02,173.65,Normal (중립),-0.36,0.0,0.0,0.0,0.0,0.0,0.0,0.0,0.0,20000.0,20000.0,100.0,0.0,Hold
2018-10-26,6.22,166.66,174.1,Normal (중립),-4.27,0.0,0.0,0.0,0.0,0.0,0.0,0.0,0.0,20000.0,20000.0,100.0,0.0,Hold
2018-11-02,6.51,169.38,174.57,Normal (중립),-2.97,0.0,0.0,0.0,0.0,0.0,0.0,0.0,0.0,20000.0,20000.0,100.0,0.0,Hold
2018-11-09,6.7,171.52,175.06,Normal (중립),-2.02,0.0,0.0,0.0,0.0,0.0,0.0,0.0,0.0,20000.0,20000.0,100.0,0.0,Hold
2018-11-16,6.21,167.5,175.51,Normal (중립),-4.56,0.0,0.0,0.0,0.0,0.0,0.0,0.0,0.0,20000.0,20000.0,100.0,0.0,Hold
2018-11-23,5.3,159.21,175.88,Under (저평가),-9.48,0.0,0.0,0.0,0.0,0.0,0.0,0.0,0.0,20000.0,20000.0,100.0,0.0,Hold
2018-11-30,6.34,169.37,176.34,Normal (중립),-3.95,0.0,0.0,0.0,0.0,0.0,0.0,0.0,0.0,20000.0,20000.0,100.0,0.0,Hold
2018-12-07,5.43,161.38,176.72,Under (저평가),-8.68,0.0,0.0,0.0,0.0,0.0,0.0,0.0,0.0,20000.0,20000.0,100.0,0.0,Hold
2018-12-14,5.36,161.08,177.1,Under (저평가),-9.05,0.0,0.0,0.0,0.0,0.0,0.0,0.0,0.0,20000.0,20000.0,100.0,0.0,Hold
2018-12-21,4.1,147.57,177.34,Under (저평가),-16.79,0.0,0.0,0.0,0.0,0.0,0.0,0.0,0.0,20000.0,20000.0,100.0,0.0,Hold
2018-12-28,4.53,152.97,177.64,Under (저평가),-13.89,0.0,0.0,0.0,0.0,0.0,0.0,0.0,0.0,20000.0,20000.0,100.0,0.0,Hold
2019-01-04,4.78,156.23,177.96,Under (저평가),-12.21,0.0,0.0,0.0,0.0,0.0,0.0,0.0,0.0,20000.0,20000.0,100.0,0.0,Hold
2019-01-11,5.19,160.69,178.33,Under (저평가),-9.89,0.0,0.0,0.0,0.0,0.0,0.0,0.0,0.0,20000.0,20000.0,100.0,0.0,Hold
2019-01-18,5.61,165.25,178.73,Under (저평가),-7.54,0.0,0.0,0.0,0.0,0.0,0.0,0.0,0.0,20000.0,20000.0,100.0,0.0,Hold
2019-01-25,5.59,165.15,179.14,Under (저평가),-7.81,0.0,0.0,0.0,0.0,0.0,0.0,0.0,0.0,20000.0,20000.0,100.0,0.0,Hold
2019-02-01,5.8,167.45,179.56,Under (저평가),-6.74,0.0,0.0,0.0,0.0,0.0,0.0,0.0,0.0,20000.0,20000.0,100.0,0.0,Hold
2019-02-08,5.9,168.56,179.99,Under (저평가),-6.35,0.0,0.0,0.0,0.0,0.0,0.0,0.0,0.0,20000.0,20000.0,100.0,0.0,Hold
2019-02-15,6.25,171.94,180.44,Normal (중립),-4.71,0.0,0.0,0.0,0.0,0.0,0.0,0.0,0.0,20000.0,20000.0,100.0,0.0,Hold
2019-02-22,6.35,172.89,180.9,Normal (중립),-4.43,0.0,0.0,0.0,0.0,0.0,0.0,0.0,0.0,20000.0,20000.0,100.0,0.0,Hold
2019-03-01,6.51,174.39,181.37,Normal (중립),-3.85,0.0,0.0,0.0,0.0,0.0,0.0,0.0,0.0,20000.0,20000.0,100.0,0.0,Hold
2019-03-08,6.14,171.17,181.81,Normal (중립),-5.85,0.0,0.0,0.0,0.0,0.0,0.0,0.0,0.0,20000.0,20000.0,100.0,0.0,Hold
2019-03-15,6.91,178.35,182.31,Normal (중립),-2.17,0.0,0.0,0.0,0.0,0.0,0.0,0.0,0.0,20000.0,20000.0,100.0,0.0,Hold
2019-03-22,6.97,178.56,182.81,Normal (중립),-2.33,0.0,0.0,0.0,0.0,0.0,0.0,0.0,0.0,20000.0,20000.0,100.0,0.0,Hold
2019-03-29,7.08,179.66,183.32,Normal (중립),-2.0,0.0,0.0,0.0,0.0,0.0,0.0,0.0,0.0,20000.0,20000.0,100.0,0.0,Hold
2019-04-05,7.67,184.66,183.86,Normal (중립),0.43,0.0,0.0,0.0,0.0,0.0,0.0,0.0,0.0,20000.0,20000.0,100.0,0.0,Hold
2019-04-12,7.81,185.83,184.42,Normal (중립),0.77,0.0,0.0,0.0,0.0,0.0,0.0,0.0,0.0,20000.0,20000.0,100.0,0.0,Hold
2019-04-19,7.99,187.39,184.98,Normal (중립),1.3,0.0,0.0,0.0,0.0,0.0,0.0,0.0,0.0,20000.0,20000.0,100.0,0.0,Hold
2019-04-26,8.41,190.65,185.56,Normal (중립),2.74,0.0,0.0,0.0,0.0,0.0,0.0,0.0,0.0,20000.0,20000.0,100.0,0.0,Hold
2019-05-03,8.45,191.11,186.15,Normal (중립),2.66,0.0,0.0,0.0,0.0,0.0,0.0,0.0,0.0,20000.0,20000.0,100.0,0.0,Hold
2019-05-10,7.64,185.0,186.68,Normal (중립),-0.9,0.0,0.0,0.0,0.0,0.0,0.0,0.0,0.0,20000.0,20000.0,100.0,0.0,Hold
2019-05-17,7.36,183.04,187.2,Normal (중립),-2.22,0.0,0.0,0.0,0.0,0.0,0.0,0.0,0.0,20000.0,20000.0,100.0,0.0,Hold
2019-05-24,6.76,178.16,187.67,Normal (중립),-5.07,0.0,0.0,0.0,0.0,0.0,0.0,0.0,0.0,20000.0,20000.0,100.0,0.0,Hold
2019-05-31,6.28,173.95,188.1,Under (저평가),-7.52,0.0,0.0,0.0,0.0,0.0,0.0,0.0,0.0,20000.0,20000.0,100.0,0.0,Hold
2019-06-07,7.02,181.04,188.58,Normal (중립),-4.0,0.0,0.0,0.0,0.0,0.0,0.0,0.0,0.0,20000.0,20000.0,100.0,0.0,Hold
2019-06-14,7.2,182.64,189.08,Normal (중립),-3.41,0.0,0.0,0.0,0.0,0.0,0.0,0.0,0.0,20000.0,20000.0,100.0,0.0,Hold
2019-06-21,7.92,188.57,189.63,Normal (중립),-0.56,0.0,0.0,0.0,0.0,0.0,0.0,0.0,0.0,20000.0,20000.0,100.0,0.0,Hold
2019-06-28,7.72,186.74,190.16,Normal (중립),-1.8,0.0,0.0,0.0,0.0,0.0,0.0,0.0,0.0,20000.0,20000.0,100.0,0.0,Hold
2019-07-05,8.25,191.05,190.72,Normal (중립),0.17,0.0,0.0,0.0,0.0,0.0,0.0,0.0,0.0,20000.0,20000.0,100.0,0.0,Hold
2019-07-12,8.56,193.53,191.3,Normal (중립),1.17,0.0,0.0,0.0,0.0,0.0,0.0,0.0,0.0,20000.0,20000.0,100.0,0.0,Hold
2019-07-19,8.22,191.01,191.85,Normal (중립),-0.44,0.0,0.0,0.0,0.0,0.0,0.0,0.0,0.0,20000.0,20000.0,100.0,0.0,Hold
2019-07-26,8.76,195.29,192.44,Normal (중립),1.48,0.0,0.0,0.0,0.0,0.0,0.0,0.0,0.0,20000.0,20000.0,100.0,0.0,Hold
2019-08-02,7.72,187.35,192.95,Normal (중립),-2.9,0.0,0.0,0.0,0.0,0.0,0.0,0.0,0.0,20000.0,20000.0,100.0,0.0,Hold
2019-08-09,7.55,186.49,193.46,Normal (중립),-3.6,0.0,0.0,0.0,0.0,0.0,0.0,0.0,0.0,20000.0,20000.0,100.0,0.0,Hold
2019-08-16,7.37,185.48,193.96,Normal (중립),-4.37,0.0,0.0,0.0,0.0,0.0,0.0,0.0,0.0,20000.0,20000.0,100.0,0.0,Hold
2019-08-23,6.97,182.07,194.42,Under (저평가),-6.35,0.0,0.0,0.0,0.0,0.0,0.0,0.0,0.0,20000.0,20000.0,100.0,0.0,Hold
2019-08-30,7.56,187.47,194.93,Normal (중립),-3.83,0.0,0.0,0.0,0.0,0.0,0.0,0.0,0.0,20000.0,20000.0,100.0,0.0,Hold
2019-09-06,8.05,191.59,195.47,Normal (중립),-1.99,0.0,0.0,0.0,0.0,0.0,0.0,0.0,0.0,20000.0,20000.0,100.0,0.0,Hold
2019-09-13,8.16,192.54,196.02,Normal (중립),-1.77,0.0,0.0,0.0,0.0,0.0,0.0,0.0,0.0,20000.0,20000.0,100.0,0.0,Hold
2019-09-20,7.93,190.8,196.54,Normal (중립),-2.92,0.0,0.0,0.0,0.0,0.0,0.0,0.0,0.0,20000.0,20000.0,100.0,0.0,Hold
2019-09-27,7.5,187.03,197.04,Normal (중립),-5.08,0.0,0.0,0.0,0.0,0.0,0.0,0.0,0.0,20000.0,20000.0,100.0,0.0,Hold
2019-10-04,7.68,188.81,197.54,Normal (중립),-4.42,0.0,0.0,0.0,0.0,0.0,0.0,0.0,0.0,20000.0,20000.0,100.0,0.0,Hold
2019-10-11,7.93,191.11,198.06,Normal (중립),-3.51,0.0,0.0,0.0,0.0,0.0,0.0,0.0,0.0,20000.0,20000.0,100.0,0.0,Hold
2019-10-18,8.0,191.69,198.59,Normal (중립),-3.47,0.0,0.0,0.0,0.0,0.0,0.0,0.0,0.0,20000.0,20000.0,100.0,0.0,Hold
2019-10-25,8.48,195.64,199.14,Normal (중립),-1.76,0.0,0.0,0.0,0.0,0.0,0.0,0.0,0.0,20000.0,20000.0,100.0,0.0,Hold
2019-11-01,8.9,198.87,199.71,Normal (중립),-0.42,0.0,0.0,0.0,0.0,0.0,0.0,0.0,0.0,20000.0,20000.0,100.0,0.0,Hold
2019-11-08,9.21,201.23,200.3,Normal (중립),0.46,0.0,0.0,0.0,0.0,0.0,0.0,0.0,0.0,20000.0,20000.0,100.0,0.0,Hold
2019-11-15,9.4,202.91,200.9,Normal (중립),1.0,0.0,0.0,0.0,0.0,0.0,0.0,0.0,0.0,20000.0,20000.0,100.0,0.0,Hold
2019-11-22,9.27,201.83,201.49,Normal (중립),0.17,0.0,0.0,0.0,0.0,0.0,0.0,0.0,0.0,20000.0,20000.0,100.0,0.0,Hold
2019-11-29,9.72,205.1,202.11,Normal (중립),1.48,0.0,0.0,0.0,0.0,0.0,0.0,0.0,0.0,20000.0,20000.0,100.0,0.0,Hold
2019-12-06,9.67,205.0,202.72,Normal (중립),1.13,0.0,0.0,0.0,0.0,0.0,0.0,0.0,0.0,20000.0,20000.0,100.0,0.0,Hold
2019-12-13,9.98,207.19,203.34,Normal (중립),1.89,0.0,0.0,0.0,0.0,0.0,0.0,0.0,0.0,20000.0,20000.0,100.0,0.0,Hold
2019-12-20,10.64,211.71,203.99,Normal (중립),3.78,0.0,0.0,0.0,0.0,0.0,0.0,0.0,0.0,20000.0,20000.0,100.0,0.0,Hold
2019-12-27,10.98,213.61,204.66,Normal (중립),4.38,0.0,0.0,0.0,0.0,0.0,0.0,0.0,0.0,20000.0,20000.0,100.0,0.0,Hold
2020-01-03,11.05,214.18,205.32,Normal (중립),4.31,0.0,0.0,0.0,0.0,0.0,0.0,0.0,0.0,20000.0,20000.0,100.0,0.0,Hold
2020-01-10,11.69,218.43,206.02,Over (고평가),6.03,0.0,0.0,0.0,0.0,0.0,0.0,0.0,0.0,20000.0,20000.0,100.0,0.0,Hold
2020-01-17,12.49,223.38,206.74,Over (고평가),8.05,0.0,0.0,0.0,0.0,0.0,0.0,0.0,0.0,20000.0,20000.0,100.0,0.0,Hold
2020-01-24,12.35,222.7,207.46,Over (고평가),7.34,0.0,0.0,0.0,0.0,0.0,0.0,0.0,0.0,20000.0,20000.0,100.0,0.0,Hold
2020-01-31,11.7,219.07,208.15,Over (고평가),5.24,0.0,0.0,0.0,0.0,0.0,0.0,0.0,0.0,20000.0,20000.0,100.0,0.0,Hold
2020-02-07,13.38,229.2,208.91,Over (고평가),9.71,0.0,0.0,0.0,0.0,0.0,0.0,0.0,0.0,20000.0,20000.0,100.0,0.0,Hold
2020-02-14,14.32,234.64,209.71,Over (고평가),11.89,0.0,0.0,0.0,0.0,0.0,0.0,0.0,0.0,20000.0,20000.0,100.0,0.0,Hold
2020-02-21,13.52,230.27,210.47,Over (고평가),9.41,0.0,0.0,0.0,0.0,0.0,0.0,0.0,0.0,20000.0,20000.0,100.0,0.0,Hold
2020-02-28,9.62,205.8,211.04,Normal (중립),-2.48,0.0,0.0,0.0,0.0,0.0,0.0,0.0,0.0,20000.0,20000.0,100.0,0.0,Hold
2020-03-06,9.6,208.02,211.64,Normal (중립),-1.71,0.0,0.0,0.0,0.0,0.0,0.0,0.0,0.0,20000.0,20000.0,100.0,0.0,Hold
2020-03-13,7.11,192.34,212.1,Under (저평가),-9.32,0.0,0.0,0.0,0.0,0.0,0.0,0.0,0.0,20000.0,20000.0,100.0,0.0,Hold
2020-03-20,4.44,170.7,212.37,Under (저평가),-19.62,0.0,0.0,0.0,0.0,0.0,0.0,0.0,0.0,20000.0,20000.0,100.0,0.0,Hold
2020-03-27,5.54,185.3,212.77,Under (저평가),-12.91,0.0,0.0,0.0,0.0,0.0,0.0,0.0,0.0,20000.0,20000.0,100.0,0.0,Hold
2020-04-03,5.3,183.37,213.15,Under (저평가),-13.97,0.0,0.0,0.0,0.0,0.0,0.0,0.0,0.0,20000.0,20000.0,100.0,0.0,Hold
2020-04-10,6.83,200.86,213.67,Normal (중립),-6.0,0.0,0.0,0.0,0.0,0.0,0.0,0.0,0.0,20000.0,20000.0,100.0,0.0,Hold
2020-04-17,8.34,215.29,214.3,Normal (중립),0.46,0.0,0.0,0.0,0.0,0.0,0.0,0.0,0.0,20000.0,20000.0,100.0,0.0,Hold
2020-04-24,8.14,213.84,214.92,Normal (중립),-0.5,0.0,0.0,0.0,0.0,0.0,0.0,0.0,0.0,20000.0,20000.0,100.0,0.0,Hold
2020-05-01,7.94,212.74,215.53,Normal (중립),-1.29,0.0,0.0,0.0,0.0,0.0,0.0,0.0,0.0,20000.0,20000.0,100.0,0.0,Hold
2020-05-08,9.35,224.86,216.22,Normal (중립),4.0,0.0,0.0,0.0,0.0,0.0,0.0,0.0,0.0,20000.0,20000.0,100.0,0.0,Hold
2020-05-15,9.11,223.27,216.9,Normal (중립),2.94,0.0,0.0,0.0,0.0,0.0,0.0,0.0,0.0,20000.0,20000.0,100.0,0.0,Hold
2020-05-22,9.9,229.66,217.62,Over (고평가),5.53,0.0,0.0,0.0,0.0,0.0,0.0,0.0,0.0,20000.0,20000.0,100.0,0.0,Hold
2020-05-29,10.35,233.36,218.37,Over (고평가),6.87,0.0,0.0,0.0,0.0,0.0,0.0,0.0,0.0,20000.0,20000.0,100.0,0.0,Hold
2020-06-05,11.24,239.69,219.15,Over (고평가),9.37,0.0,0.0,0.0,0.0,0.0,0.0,0.0,0.0,20000.0,20000.0,100.0,0.0,Hold
2020-06-12,10.6,235.88,219.91,Over (고평가),7.26,0.0,0.0,0.0,0.0,0.0,0.0,0.0,0.0,20000.0,20000.0,100.0,0.0,Hold
2020-06-19,11.74,244.24,220.72,Over (고평가),10.66,0.0,0.0,0.0,0.0,0.0,0.0,0.0,0.0,20000.0,20000.0,100.0,0.0,Hold
2020-06-26,11.19,240.22,221.5,Over (고평가),8.45,0.0,0.0,0.0,0.0,0.0,0.0,0.0,0.0,20000.0,20000.0,100.0,0.0,Hold
2020-07-03,12.91,252.19,222.36,Over (고평가),13.42,0.0,0.0,0.0,0.0,0.0,0.0,0.0,0.0,20000.0,20000.0,100.0,0.0,Hold
2020-07-10,14.77,263.97,223.29,Over (고평가),18.22,0.0,0.0,0.0,0.0,0.0,0.0,0.0,0.0,20000.0,20000.0,100.0,0.0,Hold
2020-07-17,13.98,259.42,224.18,Over (고평가),15.72,0.0,0.0,0.0,0.0,0.0,0.0,0.0,0.0,20000.0,20000.0,100.0,0.0,Hold
2020-07-24,13.29,255.56,225.05,Over (고평가),13.56,0.0,0.0,0.0,0.0,0.0,0.0,0.0,0.0,20000.0,20000.0,100.0,0.0,Hold
2020-07-31,14.92,265.79,225.99,Over (고평가),17.61,0.0,0.0,0.0,0.0,0.0,0.0,0.0,0.0,20000.0,20000.0,100.0,0.0,Hold
2020-08-07,15.87,271.47,226.95,Over (고평가),19.62,0.0,0.0,0.0,0.0,0.0,0.0,0.0,0.0,20000.0,20000.0,100.0,0.0,Hold
2020-08-14,15.94,272.16,227.92,Over (고평가),19.41,0.0,0.0,0.0,0.0,0.0,0.0,0.0,0.0,20000.0,20000.0,100.0,0.0,Hold
2020-08-21,17.67,281.87,228.94,Over (고평가),23.12,0.0,0.0,0.0,0.0,0.0,0.0,0.0,0.0,20000.0,20000.0,100.0,0.0,Hold
2020-08-28,19.71,292.53,230.02,Over (고평가),27.18,0.0,0.0,0.0,0.0,0.0,0.0,0.0,0.0,20000.0,20000.0,100.0,0.0,Hold
2020-09-04,17.7,283.58,231.04,Over (고평가),22.74,0.0,0.0,0.0,0.0,0.0,0.0,0.0,0.0,20000.0,20000.0,100.0,0.0,Hold
2020-09-11,15.21,270.45,231.99,Over (고평가),16.58,0.0,0.0,0.0,0.0,0.0,0.0,0.0,0.0,20000.0,20000.0,100.0,0.0,Hold
2020-09-18,14.56,266.87,232.91,Over (고평가),14.58,0.0,0.0,0.0,0.0,0.0,0.0,0.0,0.0,20000.0,20000.0,100.0,0.0,Hold
2020-09-25,15.31,271.56,233.85,Over (고평가),16.12,0.0,0.0,0.0,0.0,0.0,0.0,0.0,0.0,20000.0,20000.0,100.0,0.0,Hold
2020-10-02,15.72,274.31,234.81,Over (고평가),16.82,0.0,0.0,0.0,0.0,0.0,0.0,0.0,0.0,20000.0,20000.0,100.0,0.0,Hold
2020-10-09,17.64,285.71,235.84,Over (고평가),21.15,0.0,0.0,0.0,0.0,0.0,0.0,0.0,0.0,20000.0,20000.0,100.0,0.0,Hold
2020-10-16,18.14,288.51,236.88,Over (고평가),21.8,0.0,0.0,0.0,0.0,0.0,0.0,0.0,0.0,20000.0,20000.0,100.0,0.0,Hold
2020-10-23,17.41,284.74,237.89,Over (고평가),19.69,0.0,0.0,0.0,0.0,0.0,0.0,0.0,0.0,20000.0,20000.0,100.0,0.0,Hold
2020-10-30,14.68,269.38,238.81,Over (고평가),12.8,0.0,0.0,0.0,0.0,0.0,0.0,0.0,0.0,20000.0,20000.0,100.0,0.0,Hold
2020-11-06,18.92,294.61,239.88,Over (고평가),22.82,0.0,0.0,0.0,0.0,0.0,0.0,0.0,0.0,20000.0,20000.0,100.0,0.0,Hold
2020-11-13,18.14,290.93,240.92,Over (고평가),20.76,0.0,0.0,0.0,0.0,0.0,0.0,0.0,0.0,20000.0,20000.0,100.0,0.0,Hold
2020-11-20,18.03,290.38,241.96,Over (고평가),20.01,0.0,0.0,0.0,0.0,0.0,0.0,0.0,0.0,20000.0,20000.0,100.0,0.0,Hold
2020-11-27,19.65,299.01,243.05,Over (고평가),23.03,0.0,0.0,0.0,0.0,0.0,0.0,0.0,0.0,20000.0,20000.0,100.0,0.0,Hold
2020-12-04,20.95,305.52,244.17,Over (고평가),25.13,0.0,0.0,0.0,0.0,0.0,0.0,0.0,0.0,20000.0,20000.0,100.0,0.0,Hold
2020-12-11,20.16,301.85,245.26,Over (고평가),23.07,0.0,0.0,0.0,0.0,0.0,0.0,0.0,0.0,20000.0,20000.0,100.0,0.0,Hold
2020-12-18,21.79,310.06,246.41,Over (고평가),25.83,0.0,0.0,0.0,0.0,0.0,0.0,0.0,0.0,20000.0,20000.0,100.0,0.0,Hold
2020-12-25,21.83,309.56,247.54,Over (고평가),25.05,0.0,0.0,0.0,0.0,0.0,0.0,0.0,0.0,20000.0,20000.0,100.0,0.0,Hold
2021-01-01,22.73,313.74,248.7,Over (고평가),26.15,0.0,0.0,0.0,0.0,0.0,0.0,0.0,0.0,20000.0,20000.0,100.0,0.0,Hold
2021-01-08,23.78,319.03,249.88,Over (고평가),27.67,0.0,0.0,0.0,0.0,0.0,0.0,0.0,0.0,20000.0,20000.0,100.0,0.0,Hold
2021-01-15,22.17,311.86,251.02,Over (고평가),24.24,0.0,0.0,0.0,0.0,0.0,0.0,0.0,0.0,20000.0,20000.0,100.0,0.0,Hold
2021-01-22,25.13,325.42,252.24,Over (고평가),29.01,0.0,0.0,0.0,0.0,0.0,0.0,0.0,0.0,20000.0,20000.0,100.0,0.0,Hold
2021-01-29,22.62,314.56,253.39,Over (고평가),24.14,0.0,0.0,0.0,0.0,0.0,0.0,0.0,0.0,20000.0,20000.0,100.0,0.0,Hold
2021-02-05,26.33,331.36,254.63,Over (고평가),30.13,0.0,0.0,0.0,0.0,0.0,0.0,0.0,0.0,20000.0,20000.0,100.0,0.0,Hold
2021-02-12,27.53,336.45,255.89,Over (고평가),31.48,0.0,0.0,0.0,0.0,0.0,0.0,0.0,0.0,20000.0,20000.0,100.0,0.0,Hold
2021-02-19,26.2,331.02,257.13,Over (고평가),28.74,0.0,0.0,0.0,0.0,0.0,0.0,0.0,0.0,20000.0,20000.0,100.0,0.0,Hold
2021-02-26,22.31,314.14,258.27,Over (고평가),21.63,0.0,0.0,0.0,0.0,0.0,0.0,0.0,0.0,20000.0,20000.0,100.0,0.0,Hold
2021-03-05,20.94,308.68,259.37,Over (고평가),19.01,0.0,0.0,0.0,0.0,0.0,0.0,0.0,0.0,20000.0,20000.0,100.0,0.0,Hold
2021-03-12,22.13,315.46,260.52,Over (고평가),21.09,0.0,0.0,0.0,0.0,0.0,0.0,0.0,0.0,20000.0,20000.0,100.0,0.0,Hold
2021-03-19,21.62,313.14,261.64,Over (고평가),19.68,0.0,0.0,0.0,0.0,0.0,0.0,0.0,0.0,20000.0,20000.0,100.0,0.0,Hold
2021-03-26,22.16,316.0,262.78,Over (고평가),20.25,0.0,0.0,0.0,0.0,0.0,0.0,0.0,0.0,20000.0,20000.0,100.0,0.0,Hold
2021-04-02,23.98,324.57,263.97,Over (고평가),22.96,0.0,0.0,0.0,0.0,0.0,0.0,0.0,0.0,20000.0,20000.0,100.0,0.0,Hold
2021-04-09,26.82,337.11,265.22,Over (고평가),27.11,0.0,0.0,0.0,0.0,0.0,0.0,0.0,0.0,20000.0,20000.0,100.0,0.0,Hold
2021-04-16,27.95,342.01,266.49,Over (고평가),28.34,0.0,0.0,0.0,0.0,0.0,0.0,0.0,0.0,20000.0,20000.0,100.0,0.0,Hold
2021-04-23,27.26,339.42,267.75,Over (고평가),26.77,0.0,0.0,0.0,0.0,0.0,0.0,0.0,0.0,20000.0,20000.0,100.0,0.0,Hold
2021-04-30,26.92,337.99,269.0,Over (고평가),25.65,0.0,0.0,0.0,0.0,0.0,0.0,0.0,0.0,20000.0,20000.0,100.0,0.0,Hold
2021-05-07,25.95,334.2,270.23,Over (고평가),23.67,0.0,0.0,0.0,0.0,0.0,0.0,0.0,0.0,20000.0,20000.0,100.0,0.0,Hold
2021-05-14,23.99,326.39,271.41,Over (고평가),20.26,0.0,0.0,0.0,0.0,0.0,0.0,0.0,0.0,20000.0,20000.0,100.0,0.0,Hold
2021-05-21,24.11,327.01,272.59,Over (고평가),19.96,0.0,0.0,0.0,0.0,0.0,0.0,0.0,0.0,20000.0,20000.0,100.0,0.0,Hold
2021-05-28,25.65,333.93,273.81,Over (고평가),21.96,0.0,0.0,0.0,0.0,0.0,0.0,0.0,0.0,20000.0,20000.0,100.0,0.0,Hold
2021-06-04,26.0,335.6,275.03,Over (고평가),22.02,0.0,0.0,0.0,0.0,0.0,0.0,0.0,0.0,20000.0,20000.0,100.0,0.0,Hold
2021-06-11,27.31,341.24,276.28,Over (고평가),23.51,0.0,0.0,0.0,0.0,0.0,0.0,0.0,0.0,20000.0,20000.0,100.0,0.0,Hold
2021-06-18,27.6,342.63,277.54,Over (고평가),23.45,0.0,0.0,0.0,0.0,0.0,0.0,0.0,0.0,20000.0,20000.0,100.0,0.0,Hold
2021-06-25,29.38,349.46,278.83,Over (고평가),25.33,0.0,0.0,0.0,0.0,0.0,0.0,0.0,0.0,20000.0,20000.0,100.0,0.0,Hold
2021-07-02,31.68,358.64,280.17,Over (고평가),28.01,0.0,0.0,0.0,0.0,0.0,0.0,0.0,0.0,20000.0,20000.0,100.0,0.0,Hold
2021-07-09,32.29,361.01,281.52,Over (고평가),28.24,0.0,0.0,0.0,0.0,0.0,0.0,0.0,0.0,20000.0,20000.0,100.0,0.0,Hold
2021-07-16,31.38,357.6,282.85,Over (고평가),26.43,0.0,0.0,0.0,0.0,0.0,0.0,0.0,0.0,20000.0,20000.0,100.0,0.0,Hold
2021-07-23,34.14,368.2,284.23,Over (고평가),29.54,0.0,0.0,0.0,0.0,0.0,0.0,0.0,0.0,20000.0,20000.0,100.0,0.0,Hold
2021-07-30,33.19,364.57,285.59,Over (고평가),27.65,0.0,0.0,0.0,0.0,0.0,0.0,0.0,0.0,20000.0,20000.0,100.0,0.0,Hold
2021-08-06,34.11,368.05,286.97,Over (고평가),28.25,0.0,0.0,0.0,0.0,0.0,0.0,0.0,0.0,20000.0,20000.0,100.0,0.0,Hold
2021-08-13,34.28,368.82,288.35,Over (고평가),27.91,0.0,0.0,0.0,0.0,0.0,0.0,0.0,0.0,20000.0,20000.0,100.0,0.0,Hold
2021-08-20,33.95,367.73,289.72,Over (고평가),26.93,0.0,0.0,0.0,0.0,0.0,0.0,0.0,0.0,20000.0,20000.0,100.0,0.0,Hold
2021-08-27,36.28,376.04,291.13,Over (고평가),29.17,0.0,0.0,0.0,0.0,0.0,0.0,0.0,0.0,20000.0,20000.0,100.0,0.0,Hold
2021-09-03,37.86,381.57,292.57,Over (고평가),30.42,0.0,0.0,0.0,0.0,0.0,0.0,0.0,0.0,20000.0,20000.0,100.0,0.0,Hold
2021-09-10,36.39,376.59,293.98,Over (고평가),28.1,0.0,0.0,0.0,0.0,0.0,0.0,0.0,0.0,20000.0,20000.0,100.0,0.0,Hold
2021-09-17,35.56,373.83,295.37,Over (고평가),26.56,0.0,0.0,0.0,0.0,0.0,0.0,0.0,0.0,20000.0,20000.0,100.0,0.0,Hold
2021-09-24,35.45,373.33,296.76,Over (고평가),25.8,0.0,0.0,0.0,0.0,0.0,0.0,0.0,0.0,20000.0,20000.0,100.0,0.0,Hold
2021-10-01,31.71,360.18,298.08,Over (고평가),20.84,0.0,0.0,0.0,0.0,0.0,0.0,0.0,0.0,20000.0,20000.0,100.0,0.0,Hold
2021-10-08,31.87,361.16,299.39,Over (고평가),20.63,0.0,0.0,0.0,0.0,0.0,0.0,0.0,0.0,20000.0,20000.0,100.0,0.0,Hold
2021-10-15,33.93,368.94,300.75,Over (고평가),22.67,0.0,0.0,0.0,0.0,0.0,0.0,0.0,0.0,20000.0,20000.0,100.0,0.0,Hold
2021-10-22,35.32,374.1,302.14,Over (고평가),23.82,0.0,0.0,0.0,0.0,0.0,0.0,0.0,0.0,20000.0,20000.0,100.0,0.0,Hold
2021-10-29,38.79,386.11,303.58,Over (고평가),27.19,0.0,0.0,0.0,0.0,0.0,0.0,0.0,0.0,20000.0,20000.0,100.0,0.0,Hold
2021-11-05,42.64,398.6,305.08,Over (고평가),30.65,0.0,0.0,0.0,0.0,0.0,0.0,0.0,0.0,20000.0,20000.0,100.0,0.0,Hold
2021-11-12,41.36,394.7,306.57,Over (고평가),28.75,0.0,0.0,0.0,0.0,0.0,0.0,0.0,0.0,20000.0,20000.0,100.0,0.0,Hold
2021-11-19,44.28,403.99,308.1,Over (고평가),31.12,0.0,0.0,0.0,0.0,0.0,0.0,0.0,0.0,20000.0,20000.0,100.0,0.0,Hold
2021-11-26,40.21,391.2,309.56,Over (고평가),26.37,0.0,0.0,0.0,0.0,0.0,0.0,0.0,0.0,20000.0,20000.0,100.0,0.0,Hold
2021-12-03,37.52,383.13,310.97,Over (고평가),23.2,0.0,0.0,0.0,0.0,0.0,0.0,0.0,0.0,20000.0,20000.0,100.0,0.0,Hold
2021-12-10,41.87,398.01,312.46,Over (고평가),27.38,0.0,0.0,0.0,0.0,0.0,0.0,0.0,0.0,20000.0,20000.0,100.0,0.0,Hold
2021-12-17,37.7,384.91,313.89,Over (고평가),22.63,0.0,0.0,0.0,0.0,0.0,0.0,0.0,0.0,20000.0,20000.0,100.0,0.0,Hold
2021-12-24,41.37,396.92,315.37,Over (고평가),25.86,0.0,0.0,0.0,0.0,0.0,0.0,0.0,0.0,20000.0,20000.0,100.0,0.0,Hold
2021-12-31,41.58,397.85,316.85,Over (고평가),25.56,0.0,0.0,0.0,0.0,0.0,0.0,0.0,0.0,20000.0,20000.0,100.0,0.0,Hold
2022-01-07,36.02,379.86,318.24,Over (고평가),19.36,0.0,0.0,0.0,0.0,0.0,0.0,0.0,0.0,20000.0,20000.0,100.0,0.0,Hold
2022-01-14,35.94,380.01,319.63,Over (고평가),18.89,0.0,0.0,0.0,0.0,0.0,0.0,0.0,0.0,20000.0,20000.0,100.0,0.0,Hold
2022-01-21,28.33,351.69,320.85,Over (고평가),9.61,0.0,0.0,0.0,0.0,0.0,0.0,0.0,0.0,20000.0,20000.0,100.0,0.0,Hold
2022-01-28,28.18,351.8,322.07,Over (고평가),9.23,0.0,0.0,0.0,0.0,0.0,0.0,0.0,0.0,20000.0,20000.0,100.0,0.0,Hold
2022-02-04,29.35,358.01,323.33,Over (고평가),10.73,0.0,0.0,0.0,0.0,0.0,0.0,0.0,0.0,20000.0,20000.0,100.0,0.0,Hold
2022-02-11,26.64,347.06,324.51,Over (고평가),6.95,0.0,0.0,0.0,0.0,0.0,0.0,0.0,0.0,20000.0,20000.0,100.0,0.0,Hold
2022-02-18,25.22,341.51,325.66,Normal (중립),4.87,0.0,0.0,0.0,0.0,0.0,0.0,0.0,0.0,20000.0,20000.0,100.0,0.0,Hold
2022-02-25,25.95,345.77,326.84,Over (고평가),5.79,0.0,0.0,0.0,0.0,0.0,0.0,0.0,0.0,20000.0,20000.0,100.0,0.0,Hold
2022-03-04,24.05,337.3,327.96,Normal (중립),2.85,0.0,0.0,0.0,0.0,0.0,0.0,0.0,0.0,20000.0,20000.0,100.0,0.0,Hold
2022-03-11,21.17,324.4,328.99,Normal (중립),-1.4,0.0,0.0,0.0,0.0,0.0,0.0,0.0,0.0,20000.0,20000.0,100.0,0.0,Hold
2022-03-18,26.58,351.49,330.19,Over (고평가),6.45,0.0,0.0,0.0,0.0,0.0,0.0,0.0,0.0,20000.0,20000.0,100.0,0.0,Hold
2022-03-25,28.47,359.35,331.43,Over (고평가),8.42,0.0,0.0,0.0,0.0,0.0,0.0,0.0,0.0,20000.0,20000.0,100.0,0.0,Hold
2022-04-01,28.97,361.85,332.68,Over (고평가),8.77,0.0,0.0,0.0,0.0,0.0,0.0,0.0,0.0,20000.0,20000.0,100.0,0.0,Hold
2022-04-08,25.92,349.15,333.86,Normal (중립),4.58,0.0,0.0,0.0,0.0,0.0,0.0,0.0,0.0,20000.0,20000.0,100.0,0.0,Hold
2022-04-15,23.5,338.43,334.97,Normal (중립),1.03,0.0,0.0,0.0,0.0,0.0,0.0,0.0,0.0,20000.0,20000.0,100.0,0.0,Hold
2022-04-22,20.75,325.4,335.99,Normal (중립),-3.15,0.0,0.0,0.0,0.0,0.0,0.0,0.0,0.0,20000.0,20000.0,100.0,0.0,Hold
2022-04-29,18.26,313.25,336.92,Under (저평가),-7.03,0.0,0.0,0.0,0.0,0.0,0.0,0.0,0.0,20000.0,20000.0,100.0,0.0,Hold
2022-05-06,17.31,309.25,337.83,Under (저평가),-8.46,0.0,0.0,0.0,0.0,0.0,0.0,0.0,0.0,20000.0,20000.0,100.0,0.0,Hold
2022-05-13,15.81,301.94,338.68,Under (저평가),-10.85,0.0,0.0,0.0,0.0,0.0,0.0,0.0,0.0,20000.0,20000.0,100.0,0.0,Hold
2022-05-20,13.67,288.68,339.44,Under (저평가),-14.95,0.0,0.0,0.0,0.0,0.0,0.0,0.0,0.0,20000.0,20000.0,100.0,0.0,Hold
2022-05-27,16.65,309.1,340.33,Under (저평가),-9.18,0.0,0.0,0.0,0.0,0.0,0.0,0.0,0.0,20000.0,20000.0,100.0,0.0,Hold
2022-06-03,16.07,306.2,341.2,Under (저평가),-10.26,0.0,0.0,0.0,0.0,0.0,0.0,0.0,0.0,20000.0,20000.0,100.0,0.0,Hold
2022-06-10,13.4,288.84,341.95,Under (저평가),-15.53,0.0,0.0,0.0,0.0,0.0,0.0,0.0,0.0,20000.0,20000.0,100.0,0.0,Hold
2022-06-17,11.34,274.69,342.58,Under (저평가),-19.82,0.0,0.0,0.0,0.0,0.0,0.0,0.0,0.0,20000.0,20000.0,100.0,0.0,Hold
2022-06-24,13.99,294.61,343.36,Under (저평가),-14.2,0.0,0.0,0.0,0.0,0.0,0.0,0.0,0.0,20000.0,20000.0,100.0,0.0,Hold
2022-07-01,12.19,282.13,344.05,Under (저평가),-18.0,0.0,0.0,0.0,0.0,0.0,0.0,0.0,0.0,20000.0,20000.0,100.0,0.0,Hold
2022-07-08,13.94,295.35,344.83,Under (저평가),-14.35,0.0,0.0,0.0,0.0,0.0,0.0,0.0,0.0,20000.0,20000.0,100.0,0.0,Hold
2022-07-15,13.4,291.87,345.58,Under (저평가),-15.54,0.0,0.0,0.0,0.0,0.0,0.0,0.0,0.0,20000.0,20000.0,100.0,0.0,Hold
2022-07-22,14.77,301.99,346.4,Under (저평가),-12.82,0.0,0.0,0.0,0.0,0.0,0.0,0.0,0.0,20000.0,20000.0,100.0,0.0,Hold
2022-07-29,16.68,315.46,347.31,Under (저평가),-9.17,0.0,0.0,0.0,0.0,0.0,0.0,0.0,0.0,20000.0,20000.0,100.0,0.0,Hold
2022-08-05,17.65,321.75,348.26,Under (저평가),-7.61,0.0,0.0,0.0,0.0,0.0,0.0,0.0,0.0,20000.0,20000.0,100.0,0.0,Hold
2022-08-12,18.99,330.39,349.26,Normal (중립),-5.4,0.0,0.0,0.0,0.0,0.0,0.0,0.0,0.0,20000.0,20000.0,100.0,0.0,Hold
2022-08-19,17.67,322.86,350.21,Under (저평가),-7.81,0.0,0.0,0.0,0.0,0.0,0.0,0.0,0.0,20000.0,20000.0,100.0,0.0,Hold
2022-08-26,15.12,307.44,351.05,Under (저평가),-12.42,0.0,0.0,0.0,0.0,0.0,0.0,0.0,0.0,20000.0,20000.0,100.0,0.0,Hold
2022-09-02,13.34,295.17,351.8,Under (저평가),-16.1,0.0,0.0,0.0,0.0,0.0,0.0,0.0,0.0,20000.0,20000.0,100.0,0.0,Hold
2022-09-09,14.92,307.09,352.63,Under (저평가),-12.91,0.0,0.0,0.0,0.0,0.0,0.0,0.0,0.0,20000.0,20000.0,100.0,0.0,Hold
2022-09-16,12.3,289.32,353.33,Under (저평가),-18.12,0.0,0.0,0.0,0.0,0.0,0.0,0.0,0.0,20000.0,20000.0,100.0,0.0,Hold
2022-09-23,10.65,275.51,353.92,Under (저평가),-22.16,0.0,0.0,0.0,0.0,0.0,0.0,0.0,0.0,20000.0,20000.0,100.0,0.0,Hold
2022-09-30,9.66,267.26,354.45,Under (저평가),-24.6,0.0,0.0,0.0,0.0,0.0,0.0,0.0,0.0,20000.0,20000.0,100.0,0.0,Hold
2022-10-07,9.75,269.1,354.99,Under (저평가),-24.19,0.0,0.0,0.0,0.0,0.0,0.0,0.0,0.0,20000.0,20000.0,100.0,0.0,Hold
2022-10-14,8.78,260.74,355.45,Under (저평가),-26.65,0.0,0.0,0.0,0.0,0.0,0.0,0.0,0.0,20000.0,20000.0,100.0,0.0,Hold
2022-10-21,10.28,275.42,356.03,Under (저평가),-22.64,0.0,0.0,0.0,0.0,0.0,0.0,0.0,0.0,20000.0,20000.0,100.0,0.0,Hold
2022-10-28,10.85,281.22,356.66,Under (저평가),-21.15,0.0,0.0,0.0,0.0,0.0,0.0,0.0,0.0,20000.0,20000.0,100.0,0.0,Hold
2022-11-04,8.98,264.68,357.14,Under (저평가),-25.89,0.0,0.0,0.0,0.0,0.0,0.0,0.0,0.0,20000.0,20000.0,100.0,0.0,Hold
2022-11-11,11.34,287.96,357.81,Under (저평가),-19.52,0.0,0.0,0.0,0.0,0.0,0.0,0.0,0.0,20000.0,20000.0,100.0,0.0,Hold
2022-11-18,10.92,284.82,358.45,Under (저평가),-20.54,0.0,0.0,0.0,0.0,0.0,0.0,0.0,0.0,20000.0,20000.0,100.0,0.0,Hold
2022-11-25,11.13,286.92,359.11,Under (저평가),-20.1,0.0,0.0,0.0,0.0,0.0,0.0,0.0,0.0,20000.0,20000.0,100.0,0.0,Hold
2022-12-02,11.7,292.55,359.8,Under (저평가),-18.69,0.0,0.0,0.0,0.0,0.0,0.0,0.0,0.0,20000.0,20000.0,100.0,0.0,Hold
2022-12-09,10.44,282.04,360.41,Under (저평가),-21.74,0.0,0.0,0.0,0.0,0.0,0.0,0.0,0.0,20000.0,20000.0,100.0,0.0,Hold
2022-12-16,9.53,274.25,360.96,Under (저평가),-24.02,0.0,0.0,0.0,0.0,0.0,0.0,0.0,0.0,20000.0,20000.0,100.0,0.0,Hold
2022-12-23,8.8,267.36,361.45,Under (저평가),-26.03,0.0,0.0,0.0,0.0,0.0,0.0,0.0,0.0,20000.0,20000.0,100.0,0.0,Hold
2022-12-30,8.65,266.28,361.92,Under (저평가),-26.43,0.0,0.0,0.0,0.0,0.0,0.0,0.0,0.0,20000.0,20000.0,100.0,0.0,Hold
2023-01-06,8.82,268.8,362.42,Under (저평가),-25.83,0.0,0.0,0.0,0.0,0.0,0.0,0.0,0.0,20000.0,20000.0,100.0,0.0,Hold
2023-01-13,10.05,280.97,363.01,Under (저평가),-22.6,0.0,0.0,0.0,0.0,0.0,0.0,0.0,0.0,20000.0,20000.0,100.0,0.0,Hold
2023-01-20,10.19,282.68,363.61,Under (저평가),-22.26,0.0,0.0,0.0,0.0,0.0,0.0,0.0,0.0,20000.0,20000.0,100.0,0.0,Hold
2023-01-27,11.66,296.26,364.3,Under (저평가),-18.68,0.0,0.0,0.0,0.0,0.0,0.0,0.0,0.0,20000.0,20000.0,100.0,0.0,Hold
2023-02-03,12.76,306.18,365.07,Under (저평가),-16.13,0.0,0.0,0.0,0.0,0.0,0.0,0.0,0.0,20000.0,20000.0,100.0,0.0,Hold
2023-02-10,11.91,299.7,365.78,Under (저평가),-18.07,0.0,0.0,0.0,0.0,0.0,0.0,0.0,0.0,20000.0,20000.0,100.0,0.0,Hold
2023-02-17,12.02,301.16,366.5,Under (저평가),-17.83,0.0,0.0,0.0,0.0,0.0,0.0,0.0,0.0,20000.0,20000.0,100.0,0.0,Hold
2023-02-24,10.89,291.85,367.15,Under (저평가),-20.51,0.0,0.0,0.0,0.0,0.0,0.0,0.0,0.0,20000.0,20000.0,100.0,0.0,Hold
2023-03-03,11.73,299.68,367.86,Under (저평가),-18.53,0.0,0.0,0.0,0.0,0.0,0.0,0.0,0.0,20000.0,20000.0,100.0,0.0,Hold
2023-03-10,10.44,288.55,368.48,Under (저평가),-21.69,0.0,0.0,0.0,0.0,0.0,0.0,0.0,0.0,20000.0,20000.0,100.0,0.0,Hold
2023-03-17,12.28,305.36,369.22,Under (저평가),-17.3,0.0,0.0,0.0,0.0,0.0,0.0,0.0,0.0,20000.0,20000.0,100.0,0.0,Hold
2023-03-24,12.91,310.89,369.99,Under (저평가),-15.97,0.0,0.0,0.0,0.0,0.0,0.0,0.0,0.0,20000.0,20000.0,100.0,0.0,Hold
2023-03-31,14.13,320.93,370.83,Under (저평가),-13.46,0.0,0.0,0.0,0.0,0.0,0.0,0.0,0.0,20000.0,20000.0,100.0,0.0,Hold
2023-04-07,13.72,318.05,371.65,Under (저평가),-14.42,0.0,0.0,0.0,0.0,0.0,0.0,0.0,0.0,20000.0,20000.0,100.0,0.0,Hold
2023-04-14,13.73,318.57,372.47,Under (저평가),-14.47,0.0,0.0,0.0,0.0,0.0,0.0,0.0,0.0,20000.0,20000.0,100.0,0.0,Hold
2023-04-21,13.44,316.61,373.27,Under (저평가),-15.18,0.0,0.0,0.0,0.0,0.0,0.0,0.0,0.0,20000.0,20000.0,100.0,0.0,Hold
2023-04-28,14.12,322.56,374.11,Under (저평가),-13.78,0.0,0.0,0.0,0.0,0.0,0.0,0.0,0.0,20000.0,20000.0,100.0,0.0,Hold
2023-05-05,14.1,322.89,374.95,Under (저평가),-13.88,0.0,0.0,0.0,0.0,0.0,0.0,0.0,0.0,20000.0,20000.0,100.0,0.0,Hold
2023-05-12,14.36,325.03,375.8,Under (저평가),-13.51,0.0,0.0,0.0,0.0,0.0,0.0,0.0,0.0,20000.0,20000.0,100.0,0.0,Hold
2023-05-19,15.87,336.51,376.72,Under (저평가),-10.67,0.0,0.0,0.0,0.0,0.0,0.0,0.0,0.0,20000.0,20000.0,100.0,0.0,Hold
2023-05-26,17.49,348.4,377.71,Under (저평가),-7.76,0.0,0.0,0.0,0.0,0.0,0.0,0.0,0.0,20000.0,20000.0,100.0,0.0,Hold
2023-06-02,18.41,354.65,378.74,Under (저평가),-6.36,0.0,0.0,0.0,0.0,0.0,0.0,0.0,0.0,20000.0,20000.0,100.0,0.0,Hold
2023-06-09,18.31,354.5,379.76,Under (저평가),-6.65,0.0,0.0,0.0,0.0,0.0,0.0,0.0,0.0,20000.0,20000.0,100.0,0.0,Hold
2023-06-16,20.4,367.93,380.87,Normal (중립),-3.4,0.0,0.0,0.0,0.0,0.0,0.0,0.0,0.0,20000.0,20000.0,100.0,0.0,Hold
2023-06-23,19.48,362.54,381.93,Normal (중립),-5.08,0.0,0.0,0.0,0.0,0.0,0.0,0.0,0.0,20000.0,20000.0,100.0,0.0,Hold
2023-06-30,20.5,369.42,383.04,Normal (중립),-3.56,0.0,0.0,0.0,0.0,0.0,0.0,0.0,0.0,20000.0,20000.0,100.0,0.0,Hold
2023-07-07,19.93,366.24,384.12,Normal (중립),-4.65,0.0,0.0,0.0,0.0,0.0,0.0,0.0,0.0,20000.0,20000.0,100.0,0.0,Hold
2023-07-14,22.01,379.07,385.28,Normal (중립),-1.61,0.0,0.0,0.0,0.0,0.0,0.0,0.0,0.0,20000.0,20000.0,100.0,0.0,Hold
2023-07-21,21.34,375.63,386.41,Normal (중립),-2.79,0.0,0.0,0.0,0.0,0.0,0.0,0.0,0.0,20000.0,20000.0,100.0,0.0,Hold
2023-07-28,22.61,383.48,387.58,Normal (중립),-1.06,0.0,0.0,0.0,0.0,0.0,0.0,0.0,0.0,20000.0,20000.0,100.0,0.0,Hold
2023-08-04,20.57,372.04,388.69,Normal (중립),-4.28,0.0,0.0,0.0,0.0,0.0,0.0,0.0,0.0,20000.0,20000.0,100.0,0.0,Hold
2023-08-11,19.55,366.24,389.75,Under (저평가),-6.03,0.0,0.0,0.0,0.0,0.0,0.0,0.0,0.0,20000.0,20000.0,100.0,0.0,Hold
2023-08-18,18.2,358.13,390.77,Under (저평가),-8.35,0.0,0.0,0.0,0.0,0.0,0.0,0.0,0.0,20000.0,20000.0,100.0,0.0,Hold
2023-08-25,19.02,364.02,391.81,Under (저평가),-7.09,0.0,0.0,0.0,0.0,0.0,0.0,0.0,0.0,20000.0,20000.0,100.0,0.0,Hold
2023-09-01,21.15,377.59,392.94,Normal (중립),-3.91,0.0,0.0,0.0,0.0,0.0,0.0,0.0,0.0,20000.0,20000.0,100.0,0.0,Hold
2023-09-08,20.25,372.58,394.03,Normal (중립),-5.44,0.0,0.0,0.0,0.0,0.0,0.0,0.0,0.0,20000.0,20000.0,100.0,0.0,Hold
2023-09-15,19.88,370.81,395.11,Under (저평가),-6.15,0.0,0.0,0.0,0.0,0.0,0.0,0.0,0.0,20000.0,20000.0,100.0,0.0,Hold
2023-09-22,17.82,357.91,396.1,Under (저평가),-9.64,0.0,0.0,0.0,0.0,0.0,0.0,0.0,0.0,20000.0,20000.0,100.0,0.0,Hold
2023-09-29,17.81,358.27,397.1,Under (저평가),-9.78,0.0,0.0,0.0,0.0,0.0,0.0,0.0,0.0,20000.0,20000.0,100.0,0.0,Hold
2023-10-06,18.67,364.7,398.13,Under (저평가),-8.4,0.0,0.0,0.0,0.0,0.0,0.0,0.0,0.0,20000.0,20000.0,100.0,0.0,Hold
2023-10-13,18.7,365.28,399.16,Under (저평가),-8.49,0.0,0.0,0.0,0.0,0.0,0.0,0.0,0.0,20000.0,20000.0,100.0,0.0,Hold
2023-10-20,17.05,354.6,400.12,Under (저평가),-11.38,0.0,0.0,0.0,0.0,0.0,0.0,0.0,0.0,20000.0,20000.0,100.0,0.0,Hold
2023-10-27,15.65,345.31,401.02,Under (저평가),-13.89,0.0,0.0,0.0,0.0,0.0,0.0,0.0,0.0,20000.0,20000.0,100.0,0.0,Hold
2023-11-03,18.79,367.71,402.06,Under (저평가),-8.54,0.0,0.0,0.0,0.0,0.0,0.0,0.0,0.0,20000.0,20000.0,100.0,0.0,Hold
2023-11-10,20.39,378.39,403.15,Under (저평가),-6.14,0.0,0.0,0.0,0.0,0.0,0.0,0.0,0.0,20000.0,20000.0,100.0,0.0,Hold
2023-11-17,21.58,386.04,404.29,Normal (중립),-4.51,0.0,0.0,0.0,0.0,0.0,0.0,0.0,0.0,20000.0,20000.0,100.0,0.0,Hold
2023-11-24,22.09,389.51,405.45,Normal (중립),-3.93,0.0,0.0,0.0,0.0,0.0,0.0,0.0,0.0,20000.0,20000.0,100.0,0.0,Hold
2023-12-01,22.12,389.94,406.6,Normal (중립),-4.1,0.0,0.0,0.0,0.0,0.0,0.0,0.0,0.0,20000.0,20000.0,100.0,0.0,Hold
2023-12-08,22.42,392.17,407.77,Normal (중립),-3.83,0.0,0.0,0.0,0.0,0.0,0.0,0.0,0.0,20000.0,20000.0,100.0,0.0,Hold
2023-12-15,24.62,405.34,409.01,Normal (중립),-0.9,0.0,0.0,0.0,0.0,0.0,0.0,0.0,0.0,20000.0,20000.0,100.0,0.0,Hold
2023-12-22,25.17,408.38,410.26,Normal (중립),-0.46,0.0,0.0,0.0,0.0,0.0,0.0,0.0,0.0,20000.0,20000.0,100.0,0.0,Hold
2023-12-29,25.35,409.52,411.51,Normal (중립),-0.48,0.0,0.0,0.0,0.0,0.0,0.0,0.0,0.0,20000.0,20000.0,100.0,0.0,Hold
2024-01-05,22.99,396.75,412.69,Normal (중립),-3.86,0.0,0.0,0.0,0.0,0.0,0.0,0.0,0.0,20000.0,20000.0,100.0,0.0,Hold
2024-01-12,25.17,409.56,413.94,Normal (중립),-1.06,0.0,0.0,0.0,0.0,0.0,0.0,0.0,0.0,20000.0,20000.0,100.0,0.0,Hold
2024-01-19,27.27,421.18,415.24,Normal (중립),1.43,0.0,0.0,0.0,0.0,0.0,0.0,0.0,0.0,20000.0,20000.0,100.0,0.0,Hold
2024-01-26,27.72,423.81,416.56,Normal (중립),1.74,0.0,0.0,0.0,0.0,0.0,0.0,0.0,0.0,20000.0,20000.0,100.0,0.0,Hold
2024-02-02,28.62,429.01,417.91,Normal (중립),2.66,0.0,0.0,0.0,0.0,0.0,0.0,0.0,0.0,20000.0,20000.0,100.0,0.0,Hold
2024-02-09,30.14,437.05,419.29,Normal (중립),4.24,0.0,0.0,0.0,0.0,0.0,0.0,0.0,0.0,20000.0,20000.0,100.0,0.0,Hold
2024-02-16,28.7,430.57,420.64,Normal (중립),2.36,0.0,0.0,0.0,0.0,0.0,0.0,0.0,0.0,20000.0,20000.0,100.0,0.0,Hold
2024-02-23,29.81,436.78,422.01,Normal (중립),3.5,0.0,0.0,0.0,0.0,0.0,0.0,0.0,0.0,20000.0,20000.0,100.0,0.0,Hold
2024-03-01,31.57,445.61,423.43,Over (고평가),5.24,0.0,0.0,0.0,0.0,0.0,0.0,0.0,0.0,20000.0,20000.0,100.0,0.0,Hold
2024-03-08,30.03,439.02,424.82,Normal (중립),3.34,0.0,0.0,0.0,0.0,0.0,0.0,0.0,0.0,20000.0,20000.0,100.0,0.0,Hold
2024-03-15,28.88,433.92,426.17,Normal (중립),1.82,0.0,0.0,0.0,0.0,0.0,0.0,0.0,0.0,20000.0,20000.0,100.0,0.0,Hold
2024-03-22,31.32,446.38,427.58,Normal (중립),4.4,0.0,0.0,0.0,0.0,0.0,0.0,0.0,0.0,20000.0,20000.0,100.0,0.0,Hold
2024-03-29,30.78,444.01,428.98,Normal (중립),3.5,0.0,0.0,0.0,0.0,0.0,0.0,0.0,0.0,20000.0,20000.0,100.0,0.0,Hold
2024-04-05,29.93,440.47,430.36,Normal (중립),2.35,0.0,0.0,0.0,0.0,0.0,0.0,0.0,0.0,20000.0,20000.0,100.0,0.0,Hold
2024-04-12,29.36,438.27,431.72,Normal (중립),1.52,0.0,0.0,0.0,0.0,0.0,0.0,0.0,0.0,20000.0,20000.0,100.0,0.0,Hold
2024-04-19,24.74,414.65,432.96,Normal (중립),-4.23,0.0,0.0,0.0,0.0,0.0,0.0,0.0,0.0,20000.0,20000.0,100.0,0.0,Hold
2024-04-26,27.64,431.0,434.27,Normal (중립),-0.75,0.0,0.0,0.0,0.0,0.0,0.0,0.0,0.0,20000.0,20000.0,100.0,0.0,Hold
2024-05-03,28.35,435.48,435.61,Normal (중립),-0.03,0.0,0.0,0.0,0.0,0.0,0.0,0.0,0.0,20000.0,20000.0,100.0,0.0,Hold
2024-05-10,29.58,442.06,436.98,Normal (중립),1.16,0.0,0.0,0.0,0.0,0.0,0.0,0.0,0.0,20000.0,20000.0,100.0,0.0,Hold
2024-05-17,31.47,451.76,438.4,Normal (중립),3.05,0.0,0.0,0.0,0.0,0.0,0.0,0.0,0.0,20000.0,20000.0,100.0,0.0,Hold
2024-05-24,32.67,457.95,439.85,Normal (중립),4.11,0.0,0.0,0.0,0.0,0.0,0.0,0.0,0.0,20000.0,20000.0,100.0,0.0,Hold
2024-05-31,31.26,450.71,441.26,Normal (중립),2.14,0.0,0.0,0.0,0.0,0.0,0.0,0.0,0.0,20000.0,20000.0,100.0,0.0,Hold
2024-06-07,33.56,462.96,442.73,Normal (중립),4.57,0.0,0.0,0.0,0.0,0.0,0.0,0.0,0.0,20000.0,20000.0,100.0,0.0,Hold
2024-06-14,37.08,479.19,444.27,Over (고평가),7.86,0.0,0.0,0.0,0.0,0.0,0.0,0.0,0.0,20000.0,20000.0,100.0,0.0,Hold
2024-06-21,37.2,480.18,445.82,Over (고평가),7.71,0.0,0.0,0.0,0.0,0.0,0.0,0.0,0.0,20000.0,20000.0,100.0,0.0,Hold
2024-06-28,36.91,479.11,447.36,Over (고평가),7.1,0.0,0.0,0.0,0.0,0.0,0.0,0.0,0.0,20000.0,20000.0,100.0,0.0,Hold
2024-07-05,40.81,496.16,448.99,Over (고평가),10.51,0.0,0.0,0.0,0.0,0.0,0.0,0.0,0.0,20000.0,20000.0,100.0,0.0,Hold
2024-07-12,40.32,494.82,450.6,Over (고평가),9.81,0.0,0.0,0.0,0.0,0.0,0.0,0.0,0.0,20000.0,20000.0,100.0,0.0,Hold
2024-07-19,35.53,475.24,452.11,Over (고평가),5.12,0.0,0.0,0.0,0.0,0.0,0.0,0.0,0.0,20000.0,20000.0,100.0,0.0,Hold
2024-07-26,32.54,462.97,453.56,Normal (중립),2.08,0.0,0.0,0.0,0.0,0.0,0.0,0.0,0.0,20000.0,20000.0,100.0,0.0,Hold
2024-08-02,29.37,448.75,454.93,Normal (중립),-1.36,0.0,0.0,0.0,0.0,0.0,0.0,0.0,0.0,20000.0,20000.0,100.0,0.0,Hold
2024-08-09,29.42,450.41,456.3,Normal (중립),-1.29,0.0,0.0,0.0,0.0,0.0,0.0,0.0,0.0,20000.0,20000.0,100.0,0.0,Hold
2024-08-16,34.32,475.03,457.8,Normal (중립),3.76,0.0,0.0,0.0,0.0,0.0,0.0,0.0,0.0,20000.0,20000.0,100.0,0.0,Hold
2024-08-23,35.26,480.0,459.33,Normal (중립),4.5,0.0,0.0,0.0,0.0,0.0,0.0,0.0,0.0,20000.0,20000.0,100.0,0.0,Hold
2024-08-30,34.31,476.27,460.83,Normal (중립),3.35,0.0,0.0,0.0,0.0,0.0,0.0,0.0,0.0,20000.0,20000.0,100.0,0.0,Hold
2024-09-06,28.5,448.69,462.18,Normal (중립),-2.92,0.0,0.0,0.0,0.0,0.0,0.0,0.0,0.0,20000.0,20000.0,100.0,0.0,Hold
2024-09-13,33.67,475.34,463.67,Normal (중립),2.52,0.0,0.0,0.0,0.0,0.0,0.0,0.0,0.0,20000.0,20000.0,100.0,0.0,Hold
2024-09-20,35.06,482.44,465.19,Normal (중립),3.71,0.0,0.0,0.0,0.0,0.0,0.0,0.0,0.0,20000.0,20000.0,100.0,0.0,Hold
2024-09-27,35.97,486.75,466.74,Normal (중립),4.29,0.0,0.0,0.0,0.0,0.0,0.0,0.0,0.0,20000.0,20000.0,100.0,0.0,Hold
2024-10-04,35.99,487.32,468.28,Normal (중립),4.07,0.0,0.0,0.0,0.0,0.0,0.0,0.0,0.0,20000.0,20000.0,100.0,0.0,Hold
2024-10-11,37.15,493.36,469.85,Over (고평가),5.0,0.0,0.0,0.0,0.0,0.0,0.0,0.0,0.0,20000.0,20000.0,100.0,0.0,Hold
2024-10-18,37.32,494.47,471.42,Normal (중립),4.89,0.0,0.0,0.0,0.0,0.0,0.0,0.0,0.0,20000.0,20000.0,100.0,0.0,Hold
2024-10-25,37.37,495.32,472.99,Normal (중립),4.72,0.0,0.0,0.0,0.0,0.0,0.0,0.0,0.0,20000.0,20000.0,100.0,0.0,Hold
2024-11-01,35.47,487.43,474.52,Normal (중립),2.72,0.0,0.0,0.0,0.0,0.0,0.0,0.0,0.0,20000.0,20000.0,100.0,0.0,Hold
2024-11-08,41.38,514.14,476.18,Over (고평가),7.97,0.0,0.0,0.0,0.0,0.0,0.0,0.0,0.0,20000.0,20000.0,100.0,0.0,Hold
2024-11-15,37.13,496.57,477.75,Normal (중립),3.94,0.0,0.0,0.0,0.0,0.0,0.0,0.0,0.0,20000.0,20000.0,100.0,0.0,Hold
2024-11-22,39.12,505.79,479.37,Over (고평가),5.51,0.0,0.0,0.0,0.0,0.0,0.0,0.0,0.0,20000.0,20000.0,100.0,0.0,Hold
2024-11-29,39.94,509.74,481.0,Over (고평가),5.98,0.0,0.0,0.0,0.0,0.0,0.0,0.0,0.0,20000.0,20000.0,100.0,0.0,Hold
2024-12-06,43.87,526.48,482.7,Over (고평가),9.07,0.0,0.0,0.0,0.0,0.0,0.0,0.0,0.0,20000.0,20000.0,100.0,0.0,Hold
2024-12-13,44.7,530.53,484.43,Over (고평가),9.52,0.0,0.0,0.0,0.0,0.0,0.0,0.0,0.0,20000.0,20000.0,100.0,0.0,Hold
2024-12-20,41.51,518.66,486.09,Over (고평가),6.7,0.0,0.0,0.0,0.0,0.0,0.0,0.0,0.0,20000.0,20000.0,100.0,0.0,Hold
2024-12-27,42.33,522.56,487.77,Over (고평가),7.13,0.0,0.0,0.0,0.0,0.0,0.0,0.0,0.0,20000.0,20000.0,100.0,0.0,Hold
2025-01-03,41.2,518.58,489.43,Over (고평가),5.96,0.0,0.0,0.0,0.0,0.0,0.0,0.0,0.0,20000.0,20000.0,100.0,0.0,Hold
2025-01-10,38.42,507.19,491.03,Normal (중립),3.29,0.0,0.0,0.0,0.0,0.0,0.0,0.0,0.0,20000.0,20000.0,100.0,0.0,Hold
2025-01-17,41.57,521.74,492.7,Over (고평가),5.89,0.0,0.0,0.0,0.0,0.0,0.0,0.0,0.0,20000.0,20000.0,100.0,0.0,Hold
2025-01-24,43.38,529.63,494.4,Over (고평가),7.12,0.0,0.0,0.0,0.0,0.0,0.0,0.0,0.0,20000.0,20000.0,100.0,0.0,Hold
2025-01-31,41.36,522.29,496.07,Over (고평가),5.29,0.0,0.0,0.0,0.0,0.0,0.0,0.0,0.0,20000.0,20000.0,100.0,0.0,Hold
2025-02-07,41.37,522.92,497.74,Over (고평가),5.06,0.0,0.0,0.0,0.0,0.0,0.0,0.0,0.0,20000.0,20000.0,100.0,0.0,Hold
2025-02-14,44.92,538.15,499.47,Over (고평가),7.74,0.0,0.0,0.0,0.0,0.0,0.0,0.0,0.0,20000.0,20000.0,100.0,0.0,Hold
2025-02-21,41.85,526.08,501.15,Normal (중립),4.98,0.0,0.0,0.0,0.0,0.0,0.0,0.0,0.0,20000.0,20000.0,100.0,0.0,Hold
2025-02-28,37.46,508.17,502.73,Normal (중립),1.08,0.0,0.0,0.0,0.0,0.0,0.0,0.0,0.0,20000.0,20000.0,100.0,0.0,Hold
2025-03-07,33.71,491.79,504.23,Normal (중립),-2.47,0.0,0.0,0.0,0.0,0.0,0.0,0.0,0.0,20000.0,20000.0,100.0,0.0,Hold
2025-03-14,30.94,479.66,505.66,Normal (중립),-5.14,0.0,0.0,0.0,0.0,0.0,0.0,0.0,0.0,20000.0,20000.0,100.0,0.0,Hold
2025-03-21,31.09,480.84,507.09,Normal (중립),-5.18,0.0,0.0,0.0,0.0,0.0,0.0,0.0,0.0,20000.0,20000.0,100.0,0.0,Hold
2025-03-28,28.67,468.94,508.46,Under (저평가),-7.77,0.0,0.0,0.0,0.0,0.0,0.0,0.0,0.0,20000.0,20000.0,100.0,0.0,Hold
2025-04-04,20.55,422.67,509.55,Under (저평가),-17.05,0.0,0.0,0.0,0.0,0.0,0.0,0.0,0.0,20000.0,20000.0,100.0,0.0,Hold
2025-04-11,24.29,454.4,510.83,Under (저평가),-11.05,0.0,0.0,0.0,0.0,0.0,0.0,0.0,0.0,20000.0,20000.0,100.0,0.0,Hold
2025-04-18,22.58,444.1,512.04,Under (저평가),-13.27,0.0,0.0,0.0,0.0,0.0,0.0,0.0,0.0,20000.0,20000.0,100.0,0.0,Hold
2025-04-25,26.93,472.56,513.42,Under (저평가),-7.96,0.0,0.0,0.0,0.0,0.0,0.0,0.0,0.0,20000.0,20000.0,100.0,0.0,Hold
2025-05-02,29.72,488.83,514.87,Normal (중립),-5.06,0.0,0.0,0.0,0.0,0.0,0.0,0.0,0.0,20000.0,20000.0,100.0,0.0,Hold
2025-05-09,29.49,487.97,516.32,Normal (중립),-5.49,0.0,0.0,0.0,0.0,0.0,0.0,0.0,0.0,20000.0,20000.0,100.0,0.0,Hold
2025-05-16,35.72,521.51,517.94,Normal (중립),0.69,0.0,0.0,0.0,0.0,0.0,0.0,0.0,0.0,20000.0,20000.0,100.0,0.0,Hold
2025-05-23,33.16,509.24,519.49,Normal (중립),-1.97,0.0,0.0,0.0,0.0,0.0,0.0,0.0,0.0,20000.0,20000.0,100.0,0.0,Hold
2025-05-30,35.0,519.11,521.09,Normal (중립),-0.38,0.0,0.0,0.0,0.0,0.0,0.0,0.0,0.0,20000.0,20000.0,100.0,0.0,Hold
2025-06-06,37.1,529.92,522.74,Normal (중립),1.37,0.0,0.0,0.0,0.0,0.0,0.0,0.0,0.0,20000.0,20000.0,100.0,0.0,Hold
2025-06-13,36.42,526.96,524.37,Normal (중립),0.49,0.0,0.0,0.0,0.0,0.0,0.0,0.0,0.0,20000.0,20000.0,100.0,0.0,Hold
2025-06-20,36.22,526.83,526.0,Normal (중립),0.16,0.0,0.0,0.0,0.0,0.0,0.0,0.0,0.0,20000.0,20000.0,100.0,0.0,Hold
2025-06-27,40.71,548.09,527.73,Normal (중립),3.86,0.0,0.0,0.0,0.0,0.0,0.0,0.0,0.0,20000.0,20000.0,100.0,0.0,Hold
2025-07-04,42.4,556.22,529.49,Over (고평가),5.05,0.0,0.0,0.0,0.0,0.0,0.0,0.0,0.0,20000.0,20000.0,100.0,0.0,Hold
2025-07-11,41.86,554.2,531.25,Normal (중립),4.32,0.0,0.0,0.0,0.0,0.0,0.0,0.0,0.0,20000.0,20000.0,100.0,0.0,Hold
2025-07-18,43.38,561.26,533.03,Over (고평가),5.3,0.0,0.0,0.0,0.0,0.0,0.0,0.0,0.0,20000.0,20000.0,100.0,0.0,Hold
2025-07-25,44.46,566.37,534.84,Over (고평가),5.9,0.0,0.0,0.0,0.0,0.0,0.0,0.0,0.0,20000.0,20000.0,100.0,0.0,Hold
2025-08-01,41.46,553.88,536.58,Normal (중립),3.22,0.0,0.0,0.0,0.0,0.0,0.0,0.0,0.0,20000.0,20000.0,100.0,0.0,Hold
2025-08-08,46.08,574.55,538.42,Over (고평가),6.71,0.0,0.0,0.0,0.0,0.0,0.0,0.0,0.0,20000.0,20000.0,100.0,0.0,Hold
2025-08-15,46.63,577.34,540.26,Over (고평가),6.86,0.0,0.0,0.0,0.0,0.0,0.0,0.0,0.0,20000.0,20000.0,100.0,0.0,Hold
2025-08-22,45.19,571.97,542.08,Over (고평가),5.51,0.0,0.0,0.0,0.0,0.0,0.0,0.0,0.0,20000.0,20000.0,100.0,0.0,Hold
2025-08-29,44.68,570.4,543.89,Normal (중립),4.87,0.0,0.0,0.0,0.0,0.0,0.0,0.0,0.0,20000.0,20000.0,100.0,0.0,Hold
2025-09-05,45.91,576.06,545.72,Over (고평가),5.56,0.0,0.0,0.0,0.0,0.0,0.0,0.0,0.0,20000.0,20000.0,100.0,0.0,Hold
2025-09-12,48.38,586.66,547.6,Over (고평가),7.13,0.0,0.0,0.0,0.0,0.0,0.0,0.0,0.0,20000.0,20000.0,100.0,0.0,Hold
2025-09-19,51.49,599.35,549.54,Over (고평가),9.06,0.0,0.0,0.0,0.0,0.0,0.0,0.0,0.0,20000.0,20000.0,100.0,0.0,Hold
2025-09-26,50.62,595.97,551.45,Over (고평가),8.07,0.0,0.0,0.0,0.0,0.0,0.0,0.0,0.0,20000.0,20000.0,100.0,0.0,Hold
2025-10-03,52.35,603.18,553.4,Over (고평가),9.0,0.0,0.0,0.0,0.0,0.0,0.0,0.0,0.0,20000.0,20000.0,100.0,0.0,Hold
2025-10-10,48.53,589.5,555.28,Over (고평가),6.16,0.0,0.0,0.0,0.0,0.0,0.0,0.0,0.0,20000.0,20000.0,100.0,0.0,Hold
2025-10-17,51.99,603.93,557.23,Over (고평가),8.38,0.0,0.0,0.0,0.0,0.0,0.0,0.0,0.0,20000.0,20000.0,100.0,0.0,Hold
2025-10-24,55.28,617.1,559.23,Over (고평가),10.35,0.0,0.0,0.0,0.0,0.0,0.0,0.0,0.0,20000.0,20000.0,100.0,0.0,Hold
2025-10-31,58.36,629.07,561.28,Over (고평가),12.08,0.0,0.0,0.0,0.0,0.0,0.0,0.0,0.0,20000.0,20000.0,100.0,0.0,Hold
2025-11-07,52.89,609.74,563.24,Over (고평가),8.26,0.0,0.0,0.0,0.0,0.0,0.0,0.0,0.0,20000.0,20000.0,100.0,0.0,Hold
2025-11-14,52.37,608.86,565.2,Over (고평가),7.73,0.0,0.0,0.0,0.0,0.0,0.0,0.0,0.0,20000.0,20000.0,100.0,0.0,Hold
2025-11-21,47.48,590.07,567.07,Normal (중립),4.06,0.0,0.0,0.0,0.0,0.0,0.0,0.0,0.0,20000.0,20000.0,100.0,0.0,Hold
2025-11-28,54.54,619.25,569.06,Over (고평가),8.82,0.0,0.0,0.0,0.0,0.0,0.0,0.0,0.0,20000.0,20000.0,100.0,0.0,Hold
2025-12-05,56.15,625.48,571.09,Over (고평가),9.52,0.0,0.0,0.0,0.0,0.0,0.0,0.0,0.0,20000.0,20000.0,100.0,0.0,Hold
2025-12-12,52.82,613.62,573.05,Over (고평가),7.08,0.0,0.0,0.0,0.0,0.0,0.0,0.0,0.0,20000.0,20000.0,100.0,0.0,Hold
2025-12-19,53.52,617.05,575.03,Over (고평가),7.31,0.0,0.0,0.0,0.0,0.0,0.0,0.0,0.0,20000.0,20000.0,100.0,0.0,Hold
2025-12-26,55.31,623.89,577.04,Over (고평가),8.12,0.0,0.0,0.0,0.0,0.0,0.0,0.0,0.0,20000.0,20000.0,100.0,0.0,Hold
2026-01-02,52.35,613.12,579.0,Over (고평가),5.89,0.0,0.0,0.0,0.0,0.0,0.0,0.0,0.0,20000.0,20000.0,100.0,0.0,Hold
2026-01-09,55.76,626.65,581.02,Over (고평가),7.85,0.0,0.0,0.0,0.0,0.0,0.0,0.0,0.0,20000.0,20000.0,100.0,0.0,Hold
2026-01-16,54.14,621.26,583.0,Over (고평가),6.56,0.0,0.0,0.0,0.0,0.0,0.0,0.0,0.0,20000.0,20000.0,100.0,0.0,Hold
2026-01-23,54.38,622.72,585.0,Over (고평가),6.45,0.0,0.0,0.0,0.0,0.0,0.0,0.0,0.0,20000.0,20000.0,100.0,0.0,Hold
2026-01-30,54.0,621.87,586.98,Over (고평가),5.94,0.0,0.0,0.0,0.0,0.0,0.0,0.0,0.0,20000.0,20000.0,100.0,0.0,Hold
2026-02-06,50.59,609.65,588.91,Normal (중립),3.52,0.0,0.0,0.0,0.0,0.0,0.0,0.0,0.0,20000.0,20000.0,100.0,0.0,Hold
2026-02-13,48.47,601.92,590.8,Normal (중립),1.88,0.0,0.0,0.0,0.0,0.0,0.0,0.0,0.0,20000.0,20000.0,100.0,0.0,Hold
2026-02-20,50.06,608.81,592.72,Normal (중립),2.72,0.0,0.0,0.0,0.0,0.0,0.0,0.0,0.0,20000.0,20000.0,100.0,0.0,Hold
